market,universe,fill,cost,year,candidates,filled,mean_net,median_net,mean_gross,hit_rate,mean_net_minus_bench,z_net_vs_universe,entry_days,fwd5_excess,fwd5_n,z_fwd5,fwd5_days,mean_cost,share_stop,share_target,share_time,share_truncated,daymean_net_minus_bench,se_net,daymean_fwd5_excess,se_fwd5
equity,smallcap,close,0,all,31940,27549,-0.0029364862854059,0.0043478503426366,-0.0029364862854059,0.514755526516389,0.0005156661199451,-1.5172330940575915,1970,0.0003608205728449,31920,-1.0124040165797,1978,0.0,0.2006243420813822,0.3646230353188863,0.4339540455188936,0.0007985770808377,-0.0020559286056601,0.001355051253306,-0.0012644487773123,0.0012489566977263
equity,smallcap,close,0,2015,5,4,-0.09530197906498,-0.1150967184478619,-0.09530197906498,0.25,0.0108150832978054,1.0056064774722493,2,-0.0541196812687362,5,-20.88475372901492,2,0.0,0.5,0.25,0.25,0.0,0.0215102422600429,0.0213903179244751,-0.0546429621545301,0.0026164044289694
equity,smallcap,close,0,2016,1978,1734,0.0115314491282244,0.0136128937163814,0.0115314491282244,0.5692041522491349,0.0019404651905263,0.66806278457668,239,0.0031617762208342,1978,1.0697367653311427,240,0.0,0.1741637831603229,0.367358708189158,0.458477508650519,0.0,0.0024179045845353,0.003619277469658,0.0038430297667082,0.0035925004087511
equity,smallcap,close,0,2017,1560,1421,-0.0023491834320866,0.0028009598023388,-0.0023491834320866,0.5151301900070373,-0.0026152835914224,-1.539840553243779,248,-0.0046246155414116,1560,-1.7937141326380168,250,0.0,0.1104855735397607,0.3631245601688951,0.5263898662913441,0.0,-0.005293275640904,0.0034375478875091,-0.0062076186279996,0.0034607625122906
equity,smallcap,close,0,2018,2547,2233,0.0016021736989234,0.0045249896751875,0.0016021736989234,0.5230631437527989,0.0026103599665898,0.5993358471786285,244,-0.0002583123170213,2547,-0.4595049712766728,248,0.0,0.1652485445588893,0.3322884012539185,0.5024630541871922,0.0,0.0030936684965764,0.0051618278985645,-0.0017622150052917,0.0038350292498374
equity,smallcap,close,0,2019,2380,2139,-0.0078200969837492,0.0019416993901946,-0.0078200969837492,0.503973819541842,-0.0061158695372624,-1.8438176511060915,247,-0.0059525960522874,2380,-1.7214131794703245,247,0.0,0.1547452080411407,0.3641888733052828,0.4810659186535764,0.0,-0.0061441362588491,0.0033322906173304,-0.0058593496857229,0.0034038020363744
equity,smallcap,close,0,2020,6326,5087,-0.0078065707092977,0.0,-0.0078065707092977,0.4979359150776489,0.0007532177978063,-1.617902947255467,244,0.0001199008318172,6326,0.1832936997732394,245,0.0,0.3052879889915471,0.3740908197365834,0.3206211912718694,0.0,-0.0067449317661028,0.0041689347173417,0.0008090681282755,0.0044140531249925
equity,smallcap,close,0,2021,5439,4877,0.006479005327253,0.0118483870191359,0.006479005327253,0.5556694689358213,0.0048995377832942,0.0046641314220201,249,0.0058757872018432,5439,0.223521415618778,251,0.0,0.1515275784293623,0.43079762148862,0.4176748000820176,0.0,1.5085930158470907e-05,0.0032344564922093,0.0005899792171402,0.0026394751281748
equity,smallcap,close,0,2022,6895,5891,-0.0076724777798066,-0.002095218014908,-0.0076724777798066,0.4892208453573247,-0.0011602181602024,-0.3150970616489276,250,-0.001863016030532,6895,-0.1152230330419662,251,0.0,0.2352741470039042,0.323374639280258,0.4413512137158377,0.0,-0.0013208394222884,0.0041918493792876,-0.0004343853790425,0.0037699526524732
equity,smallcap,close,0,2023,4810,4163,-0.0073772230351106,0.0012655333797004,-0.0073772230351106,0.5020417967811674,0.0002102975157842,-0.8018884602930846,247,0.0016079528861926,4790,-0.1642609502300914,244,0.0,0.1652654335815517,0.3509488349747778,0.4785010809512371,0.0052846504924333,-0.0025238191164676,0.0031473443520377,-0.000472144652987,0.0028743572487901
equity,smallcap,close,50,all,31940,27549,-0.0079364862854059,-0.0006521496573633,-0.0029364862854059,0.497114232821518,-0.0044843338800548,-5.207130422886317,1970,-0.004639179427155,31920,-5.015745372690833,1978,0.005,0.2006243420813822,0.3646230353188863,0.4339540455188936,0.0007985770808377,-0.0070559286056601,0.001355051253306,-0.0062644487773123,0.0012489566977263
equity,smallcap,close,50,2015,5,4,-0.10030197906498,-0.1200967184478619,-0.09530197906498,0.25,0.0058150832978054,0.7718558610646774,2,-0.0591196812687362,5,-22.7957732734855,2,0.005,0.5,0.25,0.25,0.0,0.0165102422600429,0.0213903179244751,-0.0596429621545301,0.0026164044289694
equity,smallcap,close,50,2016,1978,1734,0.0065314491282244,0.0086128937163814,0.0115314491282244,0.5495963091118801,-0.0030595348094736,-0.7134284224162057,239,-0.0018382237791657,1978,-0.3220515244684372,240,0.005,0.1741637831603229,0.367358708189158,0.458477508650519,0.0,-0.0025820954154646,0.003619277469658,-0.0011569702332917,0.0035925004087511
equity,smallcap,close,50,2017,1560,1421,-0.0073491834320866,-0.0021990401976611,-0.0023491834320866,0.4912033779028853,-0.0076152835914224,-2.9943657449271464,248,-0.0096246155414116,1560,-3.238482440848373,250,0.005,0.1104855735397607,0.3631245601688951,0.5263898662913441,0.0,-0.010293275640904,0.0034375478875091,-0.0112076186279996,0.0034607625122906
equity,smallcap,close,50,2018,2547,2233,-0.0033978263010765,-0.0004750103248124,0.0016021736989234,0.496641289744738,-0.0023896400334101,-0.3693132628373033,244,-0.0052583123170213,2547,-1.7632759921135723,248,0.005,0.1652485445588893,0.3322884012539185,0.5024630541871922,0.0,-0.0019063315034235,0.0051618278985645,-0.0067622150052917,0.0038350292498374
equity,smallcap,close,50,2019,2380,2139,-0.0128200969837492,-0.0030583006098053,-0.0078200969837492,0.4871435250116877,-0.0111158695372624,-3.344287020132959,247,-0.0109525960522874,2380,-3.1903587722421425,247,0.005,0.1547452080411407,0.3641888733052828,0.4810659186535764,0.0,-0.0111441362588491,0.0033322906173304,-0.0108593496857229,0.0034038020363744
equity,smallcap,close,50,2020,6326,5087,-0.0128065707092977,-0.005,-0.0078065707092977,0.4849616669942992,-0.0042467822021936,-2.8172501040246134,244,-0.0048800991681827,6326,-0.9494520688922422,245,0.005,0.3052879889915471,0.3740908197365834,0.3206211912718694,0.0,-0.0117449317661028,0.0041689347173417,-0.0041909318717244,0.0044140531249925
equity,smallcap,close,50,2021,5439,4877,0.001479005327253,0.0068483870191359,0.006479005327253,0.5351650604880049,-0.0001004622167057,-1.5411906395551676,249,0.0008757872018432,5439,-1.6707945969201727,251,0.005,0.1515275784293623,0.43079762148862,0.4176748000820176,0.0,-0.0049849140698415,0.0032344564922093,-0.0044100207828597,0.0026394751281748
equity,smallcap,close,50,2022,6895,5891,-0.0126724777798066,-0.007095218014908,-0.0076724777798066,0.4744525547445255,-0.0061602181602024,-1.5078880108432224,250,-0.006863016030532,6895,-1.4414996367334714,251,0.005,0.2352741470039042,0.323374639280258,0.4413512137158377,0.0,-0.0063208394222884,0.0041918493792876,-0.0054343853790425,0.0037699526524732
equity,smallcap,close,50,2023,4810,4163,-0.0123772230351106,-0.0037344666202995,-0.0073772230351106,0.4852269997597886,-0.0047897024842157,-2.390529371721396,247,-0.0033920471138073,4790,-1.9037802817622067,244,0.005,0.1652654335815517,0.3509488349747778,0.4785010809512371,0.0052846504924333,-0.0075238191164676,0.0031473443520377,-0.005472144652987,0.0028743572487901
equity,smallcap,close,100,all,31940,27549,-0.0129364862854059,-0.0056521496573633,-0.0029364862854059,0.4767505172601546,-0.0094843338800548,-8.897027751715042,1970,-0.009639179427155,31920,-9.01908672880196,1978,0.01,0.2006243420813822,0.3646230353188863,0.4339540455188936,0.0007985770808377,-0.0120559286056601,0.001355051253306,-0.0112644487773123,0.0012489566977263
equity,smallcap,close,100,2015,5,4,-0.10530197906498,-0.1250967184478619,-0.09530197906498,0.25,0.0008150832978053,0.5381052446571056,2,-0.0641196812687362,5,-24.706792817956067,2,0.01,0.5,0.25,0.25,0.0,0.0115102422600429,0.0213903179244751,-0.0646429621545301,0.0026164044289694
equity,smallcap,close,100,2016,1978,1734,0.0015314491282244,0.0036128937163814,0.0115314491282244,0.5213379469434832,-0.0080595348094736,-2.09491962940909,239,-0.0068382237791657,1978,-1.713839814268017,240,0.01,0.1741637831603229,0.367358708189158,0.458477508650519,0.0,-0.0075820954154646,0.003619277469658,-0.0061569702332917,0.0035925004087511
equity,smallcap,close,100,2017,1560,1421,-0.0123491834320866,-0.0071990401976611,-0.0023491834320866,0.4630541871921182,-0.0126152835914224,-4.448890936610511,248,-0.0146246155414116,1560,-4.683250749058729,250,0.01,0.1104855735397607,0.3631245601688951,0.5263898662913441,0.0,-0.015293275640904,0.0034375478875091,-0.0162076186279996,0.0034607625122906
equity,smallcap,close,100,2018,2547,2233,-0.0083978263010765,-0.0054750103248124,0.0016021736989234,0.4738020600089566,-0.0073896400334101,-1.3379623728532353,244,-0.0102583123170213,2547,-3.0670470129504714,248,0.01,0.1652485445588893,0.3322884012539185,0.5024630541871922,0.0,-0.0069063315034235,0.0051618278985645,-0.0117622150052917,0.0038350292498374
equity,smallcap,close,100,2019,2380,2139,-0.0178200969837493,-0.0080583006098053,-0.0078200969837492,0.4614305750350631,-0.0161158695372624,-4.844756389159826,247,-0.0159525960522874,2380,-4.659304365013961,247,0.01,0.1547452080411407,0.3641888733052828,0.4810659186535764,0.0,-0.0161441362588491,0.0033322906173304,-0.0158593496857229,0.0034038020363744
equity,smallcap,close,100,2020,6326,5087,-0.0178065707092977,-0.01,-0.0078065707092977,0.4698250442303912,-0.0092467822021936,-4.016597260793761,244,-0.0098800991681827,6326,-2.082197837557722,245,0.01,0.3052879889915471,0.3740908197365834,0.3206211912718694,0.0,-0.0167449317661028,0.0041689347173417,-0.0091909318717244,0.0044140531249925
equity,smallcap,close,100,2021,5439,4877,-0.0035209946727469,0.0018483870191359,0.006479005327253,0.5105597703506254,-0.0051004622167057,-3.0870454105323546,249,-0.0041242127981567,5439,-3.565110609459123,251,0.01,0.1515275784293623,0.43079762148862,0.4176748000820176,0.0,-0.0099849140698415,0.0032344564922093,-0.0094100207828597,0.0026394751281748
equity,smallcap,close,100,2022,6895,5891,-0.0176724777798066,-0.012095218014908,-0.0076724777798066,0.4603632659989815,-0.0111602181602024,-2.700678960037517,250,-0.011863016030532,6895,-2.7677762404249755,251,0.01,0.2352741470039042,0.323374639280258,0.4413512137158377,0.0,-0.0113208394222884,0.0041918493792876,-0.0104343853790425,0.0037699526524732
equity,smallcap,close,100,2023,4810,4163,-0.0173772230351106,-0.0087344666202995,-0.0073772230351106,0.4645688205620946,-0.0097897024842157,-3.979170283149704,247,-0.0083920471138073,4790,-3.643299613294322,244,0.01,0.1652654335815517,0.3509488349747778,0.4785010809512371,0.0052846504924333,-0.0125238191164676,0.0031473443520377,-0.010472144652987,0.0028743572487901
equity,smallcap,close,spec,all,31940,27549,-0.0443448099042974,-0.033782750312335,-0.0029364862854059,0.3604849540818178,-0.0408926574989463,-31.432067231388174,1970,-0.0417425899149734,31920,-34.10302906692798,1978,0.0421136211865328,0.2006243420813822,0.3646230353188863,0.4339540455188936,0.0007985770808377,-0.0440935555095492,0.0014028207303373,-0.0435784266576822,0.001277846216304
equity,smallcap,close,spec,2015,5,4,-0.1484324205243833,-0.1645392260236355,-0.09530197906498,0.0,-0.0423153581615978,-0.8173471560782091,2,-0.1036842688787185,5,-11.92966302040356,2,0.0495645876099823,0.5,0.25,0.25,0.0,-0.0262545354823383,0.032121645358519,-0.1019746703729017,0.0085479925290842
equity,smallcap,close,spec,2016,1978,1734,-0.024597265110952,-0.0191363002198264,0.0115314491282244,0.4129181084198385,-0.0341882490486501,-9.32122220690997,239,-0.0334308141516898,1978,-9.161288104791725,240,0.0365925903725241,0.1741637831603229,0.367358708189158,0.458477508650519,0.0,-0.0350130648848431,0.0037562740279796,-0.0337750603834602,0.0036867152301208
equity,smallcap,close,spec,2017,1560,1421,-0.0368325347611384,-0.0290439185325158,-0.0023491834320866,0.3356790992258973,-0.0370986349204741,-11.15240798634488,248,-0.0394724925279763,1560,-11.263282616052807,250,0.0348478769865646,0.1104855735397607,0.3631245601688951,0.5263898662913441,0.0,-0.0407206307148171,0.0036512859612628,-0.0421811585703918,0.0037450146647544
equity,smallcap,close,spec,2018,2547,2233,-0.0348177838561601,-0.0285594547564571,0.0016021736989234,0.3819973130317958,-0.0338095975884937,-6.599941436608503,244,-0.0370409025432838,2547,-10.08025767696267,248,0.0367825902262625,0.1652485445588893,0.3322884012539185,0.5024630541871922,0.0,-0.034358081888569,0.0052058161755787,-0.0394056734802716,0.003909193072547
equity,smallcap,close,spec,2019,2380,2139,-0.043852708604268,-0.0318176028485193,-0.0078200969837492,0.3440860215053763,-0.0421484811577812,-12.584530001034247,247,-0.0424234224105093,2380,-12.794670426718207,247,0.0364708263582218,0.1547452080411407,0.3641888733052828,0.4810659186535764,0.0,-0.0447125959625484,0.0035529809980089,-0.0448540006672432,0.0035056784716844
equity,smallcap,close,spec,2020,6326,5087,-0.0536766868803886,-0.0451613349238803,-0.0078065707092977,0.3546294476115589,-0.0451168983732844,-13.82937816165938,244,-0.0473082333373667,6326,-11.967292002579104,245,0.047428134169184,0.3052879889915471,0.3740908197365834,0.3206211912718694,0.0,-0.0574951488928624,0.0041574645093054,-0.0501359202158096,0.0041894122918538
equity,smallcap,close,spec,2021,5439,4877,-0.0361435436177357,-0.026489523376733,0.006479005327253,0.3701045724830838,-0.0377230111616945,-13.274632469176316,249,-0.0368990989975155,5439,-15.768447443016116,251,0.0427748861993588,0.1515275784293623,0.43079762148862,0.4176748000820176,0.0,-0.0436419436532177,0.003287619732942,-0.0432762958297207,0.0027444867978355
equity,smallcap,close,spec,2022,6895,5891,-0.0515001955817923,-0.0450615065419938,-0.0076724777798066,0.3580037345102699,-0.0449879359621882,-11.401942427944755,250,-0.0460617383389916,6895,-12.7539642759618,251,0.0441987223084595,0.2352741470039042,0.323374639280258,0.4413512137158377,0.0,-0.0487828529844238,0.0042784686287191,-0.0484947220107496,0.0038023253759735
equity,smallcap,close,spec,2023,4810,4163,-0.0484767410909238,-0.0355517679315045,-0.0073772230351106,0.3437424933941869,-0.0408892205400289,-14.03532579525927,247,-0.0399434481219416,4790,-14.798590099136035,244,0.0416214987017997,0.1652654335815517,0.3509488349747778,0.4785010809512371,0.0052846504924333,-0.0478793507243693,0.0034113458727507,-0.0457930464539888,0.0030944195458635
equity,smallcap,next_open,0,all,31927,27107,-0.0064580174568962,0.0,-0.0064580174568962,0.4959973438595196,-0.0011996587933129,-2.405840187851551,1962,-0.0010877225100844,31918,-2.4863282705820016,1977,0.0,0.2206441140664773,0.3637436824436492,0.4147637141697716,0.0008484893201018,-0.0034672475509051,0.001441179496632,-0.0030013971874161,0.0012071604634546
equity,smallcap,next_open,0,2015,5,4,-0.1607884890531115,-0.1567045284934977,-0.1607884890531115,0.0,-0.0463357165012181,-2.865201114611031,2,-0.0403875077660091,5,-5.895637845120524,2,0.0,0.5,0.25,0.25,0.0,-0.0561310180962874,0.0195906031901385,-0.041805698629412,0.0070909543170146
equity,smallcap,next_open,0,2016,1978,1692,0.0109605194761369,0.0154260282691967,0.0109605194761369,0.5543735224586288,0.0007184441560623,0.4990720559319439,236,0.0018600539157955,1978,1.033024297799488,240,0.0,0.183806146572104,0.375886524822695,0.4403073286052009,0.0,0.0018686429664721,0.0037442348139141,0.00362684124482,0.0035108963579519
equity,smallcap,next_open,0,2017,1560,1398,-0.0028346684038703,-0.0005096161474344,-0.0028346684038703,0.4864091559370529,-0.0034051917457239,-1.1838369909568616,246,-0.0052973503249689,1560,-2.140455135688045,250,0.0,0.1230329041487839,0.3597997138769671,0.5171673819742489,0.0,-0.0047590905795824,0.0040200556461204,-0.007612320475079,0.0035564027239618
equity,smallcap,next_open,0,2018,2547,2186,-0.0001385342703362,0.0035388055831327,-0.0001385342703362,0.5114364135407137,0.0016685080625697,0.1175977943728993,243,-0.0004979706786802,2547,-0.7167270002690542,248,0.0,0.177035681610247,0.3307410795974382,0.4922232387923147,0.0,0.0005993193975875,0.0050963489645658,-0.0027324982122865,0.0038124672452144
equity,smallcap,next_open,0,2019,2380,2093,-0.0109421605888268,-0.0020492271818279,-0.0109421605888268,0.4892498805542283,-0.008847461778775,-2.5264639531113264,247,-0.0075720633030137,2380,-2.424206658265768,247,0.0,0.1696129956999522,0.3645484949832775,0.4658385093167702,0.0,-0.0091809765160346,0.0036339234148693,-0.0079855458835366,0.0032940862761466
equity,smallcap,next_open,0,2020,6326,5048,-0.0176654457162248,-0.0131390951592956,-0.0176654457162248,0.4653328050713153,-0.0025296983858283,-2.450810889737065,244,-0.0027850733832439,6326,-0.9284100501100696,245,0.0,0.3353803486529318,0.3650950871632329,0.2995245641838351,0.0,-0.0105358168666294,0.0042989105812892,-0.0033629760533752,0.003622296045779
equity,smallcap,next_open,0,2021,5439,4796,0.0027466366987744,0.0102796473913281,0.0027466366987744,0.5350291909924938,0.0009785397862304,-0.9960017950896234,249,0.0023705125391512,5439,-1.0633396029506643,251,0.0,0.1755629691409508,0.4259799833194329,0.3984570475396163,0.0,-0.0037298899298669,0.0037448626581353,-0.0027300587097783,0.0025674381939718
equity,smallcap,next_open,0,2022,6895,5784,-0.0096933800801058,-0.005955734424161,-0.0096933800801058,0.4808091286307054,-0.0008750068937243,-0.0492375193962649,249,-0.0010199636121524,6895,0.1156795338728687,251,0.0,0.2555325034578146,0.3279737206085754,0.41649377593361,0.0,-0.0001976337902729,0.004013886010024,0.0004465418935373,0.003860163320057
equity,smallcap,next_open,0,2023,4797,4106,-0.0082131195796407,-0.00344013634888,-0.0082131195796407,0.4844130540672187,-0.0001901359248571,-0.3030994766931039,246,0.0002331532855018,4788,-1.1010093770626912,243,0.0,0.1804676083779834,0.3533852898197759,0.4605455431076473,0.0056015586945932,-0.0011787878397323,0.0038891120914931,-0.0031700879770205,0.0028792561108587
equity,smallcap,next_open,50,all,31927,27107,-0.0114580174568962,-0.005,-0.0064580174568962,0.4816468070977976,-0.0061996587933129,-5.875220658281935,1962,-0.0060877225100844,31918,-6.628279694082868,1977,0.005,0.2206441140664773,0.3637436824436492,0.4147637141697716,0.0008484893201018,-0.0084672475509051,0.001441179496632,-0.0080013971874161,0.0012071604634546
equity,smallcap,next_open,50,2015,5,4,-0.1657884890531115,-0.1617045284934977,-0.1607884890531115,0.0,-0.0513357165012181,-3.120425517426606,2,-0.0453875077660091,5,-6.600761552941148,2,0.005,0.5,0.25,0.25,0.0,-0.0611310180962874,0.0195906031901385,-0.046805698629412,0.0070909543170146
equity,smallcap,next_open,50,2016,1978,1692,0.0059605194761369,0.0104260282691967,0.0109605194761369,0.5372340425531915,-0.0042815558439376,-0.8363142775905102,236,-0.0031399460842044,1978,-0.3911134408937556,240,0.005,0.183806146572104,0.375886524822695,0.4403073286052009,0.0,-0.0031313570335278,0.0037442348139141,-0.0013731587551799,0.0035108963579519
equity,smallcap,next_open,50,2017,1560,1398,-0.0078346684038704,-0.0055096161474344,-0.0028346684038703,0.4663805436337625,-0.0084051917457239,-2.4276008689084487,246,-0.0102973503249689,1560,-3.5463701537796988,250,0.005,0.1230329041487839,0.3597997138769671,0.5171673819742489,0.0,-0.0097590905795824,0.0040200556461204,-0.012612320475079,0.0035564027239618
equity,smallcap,next_open,50,2018,2547,2186,-0.0051385342703362,-0.0014611944168672,-0.0001385342703362,0.4926806953339432,-0.0033314919374302,-0.8634967175540179,243,-0.0054979706786802,2547,-2.028213677636881,248,0.005,0.177035681610247,0.3307410795974382,0.4922232387923147,0.0,-0.0044006806024124,0.0050963489645658,-0.0077324982122865,0.0038124672452144
equity,smallcap,next_open,50,2019,2380,2093,-0.0159421605888268,-0.0070492271818279,-0.0109421605888268,0.4667940754897277,-0.013847461778775,-3.902387281473417,247,-0.0125720633030137,2380,-3.942078256288655,247,0.005,0.1696129956999522,0.3645484949832775,0.4658385093167702,0.0,-0.0141809765160346,0.0036339234148693,-0.0129855458835366,0.0032940862761466
equity,smallcap,next_open,50,2020,6326,5048,-0.0226654457162248,-0.0181390951592956,-0.0176654457162248,0.4554278922345483,-0.0075296983858283,-3.6138962587983,244,-0.0077850733832439,6326,-2.3087500159243928,245,0.005,0.3353803486529318,0.3650950871632329,0.2995245641838351,0.0,-0.0155358168666294,0.0042989105812892,-0.0083629760533752,0.003622296045779
equity,smallcap,next_open,50,2021,5439,4796,-0.0022533633012255,0.0052796473913281,0.0027466366987744,0.5195996663886572,-0.0040214602137695,-2.3311642446758425,249,-0.0026294874608487,5439,-3.010806152190177,251,0.005,0.1755629691409508,0.4259799833194329,0.3984570475396163,0.0,-0.0087298899298669,0.0037448626581353,-0.0077300587097783,0.0025674381939718
equity,smallcap,next_open,50,2022,6895,5784,-0.0146933800801059,-0.010955734424161,-0.0096933800801058,0.4713001383125864,-0.0058750068937243,-1.2949131533114628,249,-0.0060199636121524,6895,-1.179602449151132,251,0.005,0.2555325034578146,0.3279737206085754,0.41649377593361,0.0,-0.0051976337902729,0.004013886010024,-0.0045534581064626,0.003860163320057
equity,smallcap,next_open,50,2023,4797,4106,-0.0132131195796407,-0.00844013634888,-0.0082131195796407,0.4685825621042377,-0.0051901359248571,-1.5887399731284764,246,-0.0047668467144981,4788,-2.8375690325733816,243,0.005,0.1804676083779834,0.3533852898197759,0.4605455431076473,0.0056015586945932,-0.0061787878397323,0.0038891120914931,-0.0081700879770205,0.0028792561108587
equity,smallcap,next_open,100,all,31927,27107,-0.0164580174568962,-0.01,-0.0064580174568962,0.4648983657357878,-0.0111996587933129,-9.34460112871232,1962,-0.0110877225100844,31918,-10.770231117583732,1977,0.01,0.2206441140664773,0.3637436824436492,0.4147637141697716,0.0008484893201018,-0.0134672475509051,0.001441179496632,-0.0130013971874161,0.0012071604634546
equity,smallcap,next_open,100,2015,5,4,-0.1707884890531115,-0.1667045284934977,-0.1607884890531115,0.0,-0.0563357165012181,-3.375649920242181,2,-0.0503875077660091,5,-7.305885260761775,2,0.01,0.5,0.25,0.25,0.0,-0.0661310180962874,0.0195906031901385,-0.051805698629412,0.0070909543170146
equity,smallcap,next_open,100,2016,1978,1692,0.0009605194761369,0.0054260282691967,0.0109605194761369,0.5200945626477541,-0.0092815558439376,-2.1717006111129646,236,-0.0081399460842044,1978,-1.8152511795869983,240,0.01,0.183806146572104,0.375886524822695,0.4403073286052009,0.0,-0.0081313570335278,0.0037442348139141,-0.0063731587551799,0.0035108963579519
equity,smallcap,next_open,100,2017,1560,1398,-0.0128346684038704,-0.0105096161474344,-0.0028346684038703,0.4399141630901287,-0.0134051917457239,-3.671364746860036,246,-0.0152973503249689,1560,-4.952285171871353,250,0.01,0.1230329041487839,0.3597997138769671,0.5171673819742489,0.0,-0.0147590905795824,0.0040200556461204,-0.017612320475079,0.0035564027239618
equity,smallcap,next_open,100,2018,2547,2186,-0.0101385342703362,-0.0064611944168672,-0.0001385342703362,0.4757548032936871,-0.0083314919374302,-1.8445912294809343,243,-0.0104979706786802,2547,-3.339700355004708,248,0.01,0.177035681610247,0.3307410795974382,0.4922232387923147,0.0,-0.0094006806024124,0.0050963489645658,-0.0127324982122865,0.0038124672452144
equity,smallcap,next_open,100,2019,2380,2093,-0.0209421605888268,-0.0120492271818279,-0.0109421605888268,0.4500716674629718,-0.018847461778775,-5.278310609835508,247,-0.0175720633030137,2380,-5.459949854311543,247,0.01,0.1696129956999522,0.3645484949832775,0.4658385093167702,0.0,-0.0191809765160346,0.0036339234148693,-0.0179855458835366,0.0032940862761466
equity,smallcap,next_open,100,2020,6326,5048,-0.0276654457162248,-0.0231390951592956,-0.0176654457162248,0.4421553090332805,-0.0125296983858283,-4.776981627859534,244,-0.0127850733832439,6326,-3.689089981738716,245,0.01,0.3353803486529318,0.3650950871632329,0.2995245641838351,0.0,-0.0205358168666294,0.0042989105812892,-0.0133629760533752,0.003622296045779
equity,smallcap,next_open,100,2021,5439,4796,-0.0072533633012255,0.0002796473913281,0.0027466366987744,0.5010425354462051,-0.0090214602137695,-3.666326694262062,249,-0.0076294874608487,5439,-4.9582727014296895,251,0.01,0.1755629691409508,0.4259799833194329,0.3984570475396163,0.0,-0.0137298899298669,0.0037448626581353,-0.0127300587097783,0.0025674381939718
equity,smallcap,next_open,100,2022,6895,5784,-0.0196933800801059,-0.015955734424161,-0.0096933800801058,0.4578146611341632,-0.0108750068937243,-2.5405887872266595,249,-0.0110199636121524,6895,-2.474884432175131,251,0.01,0.2555325034578146,0.3279737206085754,0.41649377593361,0.0,-0.0101976337902729,0.004013886010024,-0.0095534581064626,0.003860163320057
equity,smallcap,next_open,100,2023,4797,4106,-0.0182131195796407,-0.01344013634888,-0.0082131195796407,0.4486117876278617,-0.0101901359248571,-2.8743804695638486,246,-0.0097668467144981,4788,-4.57412868808407,243,0.01,0.1804676083779834,0.3533852898197759,0.4605455431076473,0.0056015586945932,-0.0111787878397323,0.0038891120914931,-0.0131700879770205,0.0028792561108587
equity,smallcap,next_open,spec,all,31927,27107,-0.0478257782023983,-0.0377465040201637,-0.0064580174568962,0.3648872984837865,-0.042567419538815,-30.271174170801142,1962,-0.0431903241346439,31918,-36.26555534760321,1977,0.042110786001739,0.2206441140664773,0.3637436824436492,0.4147637141697716,0.0008484893201018,-0.0454081765501026,0.0015000467538488,-0.0453089521637112,0.001249366009411
equity,smallcap,next_open,spec,2015,5,4,-0.2139189305125148,-0.2061470360692713,-0.1607884890531115,0.0,-0.0994661579606214,-11.72734642187815,2,-0.0899520953759914,5,-21.88257321945436,2,0.0495645876099823,0.5,0.25,0.25,0.0,-0.1038957958386687,0.0088592757560946,-0.0891374068477836,0.004073442641039
equity,smallcap,next_open,spec,2016,1978,1692,-0.0251827110273752,-0.0183963658559191,0.0109605194761369,0.427304964539007,-0.0354247863474497,-9.15268032622222,236,-0.0347325364567286,1978,-9.377929190141836,240,0.0365925903725241,0.183806146572104,0.375886524822695,0.4403073286052009,0.0,-0.0354500318954779,0.0038731858463268,-0.0339912489053484,0.0036246007211357
equity,smallcap,next_open,spec,2017,1560,1398,-0.0371456999462703,-0.0327325671952932,-0.0028346684038703,0.3512160228898426,-0.0377162232881238,-9.551628106254825,246,-0.0401452273115336,1560,-11.419972318274109,250,0.0348478769865646,0.1230329041487839,0.3597997138769671,0.5171673819742489,0.0,-0.039855953817471,0.0041726869361016,-0.0435858604174713,0.003816634506874
equity,smallcap,next_open,spec,2018,2547,2186,-0.0363715433366756,-0.0314032495497074,-0.0001385342703362,0.3815187557182067,-0.0345645010037696,-7.103477643702475,243,-0.0372805609049427,2547,-10.453098912488384,248,0.0367825902262625,0.177035681610247,0.3307410795974382,0.4922232387923147,0.0,-0.0369020328019084,0.0051949248878996,-0.0403759566872665,0.0038625824767647
equity,smallcap,next_open,spec,2019,2380,2093,-0.0467522007472545,-0.0346937348481973,-0.0109421605888268,0.3516483516483517,-0.0446575019372027,-12.417401166863147,247,-0.0440428896612356,2380,-13.72650274432709,247,0.0364708263582218,0.1696129956999522,0.3645484949832775,0.4658385093167702,0.0,-0.0475556167716446,0.0038297560119544,-0.0469801968650569,0.0034225904252613
equity,smallcap,next_open,spec,2020,6326,5048,-0.0636422765659593,-0.059409435368489,-0.0176654457162248,0.3431061806656101,-0.0485065292355628,-13.52098044741225,244,-0.0502132075524279,6326,-15.432192431864587,245,0.047428134169184,0.3353803486529318,0.3650950871632329,0.2995245641838351,0.0,-0.0612660685629773,0.0045311853531082,-0.0543079643974604,0.0035191347332686
equity,smallcap,next_open,spec,2021,5439,4796,-0.0397740471931756,-0.0296737840579444,0.0027466366987744,0.3788573811509591,-0.0415421441057196,-12.34579708683353,249,-0.0404043736602076,5439,-17.07069461496157,251,0.0427748861993588,0.1755629691409508,0.4259799833194329,0.3984570475396163,0.0,-0.047341783627283,0.0038346477991098,-0.0465963337566393,0.0027296097087812
equity,smallcap,next_open,spec,2022,6895,5784,-0.053518512602835,-0.0450118713218967,-0.0096933800801058,0.3623789764868603,-0.0447001394164534,-11.542839735723522,249,-0.045218685920612,6895,-12.203131589405864,251,0.0441987223084595,0.2555325034578146,0.3279737206085754,0.41649377593361,0.0,-0.0476964421519738,0.0041321237445894,-0.0476137947381697,0.003901768524688
equity,smallcap,next_open,spec,2023,4797,4106,-0.0492169238165977,-0.0394153217074518,-0.0082131195796407,0.3560642961519727,-0.0411939401618141,-11.376291059374624,246,-0.0413126250583766,4788,-15.394287644644224,243,0.0416012951293145,0.1804676083779834,0.3533852898197759,0.4605455431076473,0.0056015586945932,-0.046282147850943,0.0040682984998704,-0.0484511084717039,0.0031473433256627
equity,smallcap,next_close,0,all,31927,26855,-0.0049764452354004,0.0011836094863262,-0.0049764452354004,0.5031465276484826,0.0001089547846928,-1.021868163329942,1964,0.0003037074799999,31918,-0.4168435352615546,1977,0.0,0.1912493018059951,0.370061441072426,0.4378328058089741,0.0008564513126047,-0.0013512772975329,0.0013223597192123,-0.0005190087309994,0.0012450924318012
equity,smallcap,next_close,0,2015,5,4,-0.1641949457187013,-0.1688147232824354,-0.1641949457187013,0.0,-0.0458238515789732,-0.9975409073750168,2,-0.0335244130716871,5,-2.4076729105711068,2,0.0,0.5,0.0,0.5,0.0,-0.0918741872395483,0.0921006713211502,-0.0365614945986797,0.0151854076349628
equity,smallcap,next_close,0,2016,1978,1681,0.0125400490641906,0.010416606648103,0.0125400490641906,0.5496728138013087,0.0011010189541382,-0.0276900917519806,236,0.0038338813618034,1978,0.948510044275292,240,0.0,0.1505056513979774,0.3813206424747174,0.4681737061273052,0.0,-9.652286301313236e-05,0.0034858267671225,0.0030832793942868,0.0032506555021698
equity,smallcap,next_close,0,2017,1560,1394,-0.0011544066699099,1.06528074139689e-08,-0.0011544066699099,0.5,-0.0031219815374914,-1.2616912477077238,246,-0.0044504916953432,1560,-1.9151764802699207,250,0.0,0.1054519368723099,0.3629842180774749,0.5315638450502153,0.0,-0.0048248817291017,0.0038241382254713,-0.0068824081482667,0.0035936156376026
equity,smallcap,next_close,0,2018,2547,2165,0.0035676030850185,0.0044541909506454,0.0035676030850185,0.5191685912240185,0.0028954330785664,0.0723400315183414,244,0.0007532976528557,2547,0.162784603548434,248,0.0,0.1478060046189376,0.3348729792147806,0.5173210161662818,0.0,0.0003340352115993,0.0046175707224387,0.000885021660797,0.0054367651577918
equity,smallcap,next_close,0,2019,2380,2069,-0.0084066444451296,1.0348143519856025e-07,-0.0084066444451296,0.5012083131947801,-0.0069798477528865,-1.5875859475152203,247,-0.0047179057805786,2380,-1.3856505412251323,247,0.0,0.1401643305944901,0.3673272112131464,0.4925084581923634,0.0,-0.0061281937856857,0.003860070565173,-0.0041790419322054,0.0030159421931236
equity,smallcap,next_close,0,2020,6326,5031,-0.0196823722191973,-0.0091001165173369,-0.0196823722191973,0.4758497316636851,-0.0002874528857007,-1.1739738243487512,245,-0.0005254154750888,6326,0.527161078536608,245,0.0,0.3168356191612005,0.3748757702246074,0.308288610614192,0.0,-0.0043207305028733,0.0036804317210992,0.0016893155956091,0.0032045529618739
equity,smallcap,next_close,0,2021,5439,4772,0.0017747455039728,0.007543403429616,0.0017747455039728,0.5352053646269908,-0.0005130890925431,0.108651480266479,249,0.0013059354639606,5439,-0.0231009632894375,251,0.0,0.1487845766974015,0.4306370494551551,0.4205783738474434,0.0,0.0003610671823853,0.0033231685523274,-5.846818874504913e-05,0.0025309848776644
equity,smallcap,next_close,0,2022,6895,5670,-0.0067572472563395,-0.0023492781709039,-0.0067572472563395,0.4890652557319224,0.0008523532688519,0.7913203927466405,249,0.0009827012796409,6895,0.6428961135281409,251,0.0,0.2139329805996472,0.3372134038800705,0.4488536155202822,0.0,0.0027418352408409,0.0034648863671062,0.0023087518957704,0.0035911741371405
equity,smallcap,next_close,0,2023,4797,4069,-0.0034210442078343,-0.0009551681143489,-0.0034210442078343,0.4937331039567461,0.0031567931972007,0.5341865383544007,246,0.0016657777240692,4788,-0.2094242500116179,243,0.0,0.1491767018923568,0.357090194150897,0.4880806094863603,0.0056524944703858,0.0018603886439396,0.003482657293594,-0.0005691680475771,0.0027177752697957
equity,smallcap,next_close,50,all,31927,26855,-0.0099764452354004,-0.0038163905136737,-0.0049764452354004,0.484192887730404,-0.0048910452153071,-4.8029875723348585,1964,-0.00469629252,31918,-4.432609652132625,1977,0.005,0.1912493018059951,0.370061441072426,0.4378328058089741,0.0008564513126047,-0.0063512772975329,0.0013223597192123,-0.0055190087309994,0.0012450924318012
equity,smallcap,next_close,50,2015,5,4,-0.1691949457187013,-0.1738147232824354,-0.1641949457187013,0.0,-0.0508238515789732,-1.051829328168013,2,-0.0385244130716871,5,-2.7369363798301087,2,0.005,0.5,0.0,0.5,0.0,-0.0968741872395484,0.0921006713211502,-0.0415614945986797,0.0151854076349628
equity,smallcap,next_close,50,2016,1978,1681,0.0075400490641906,0.005416606648103,0.0125400490641906,0.5264723378941106,-0.0038989810458617,-1.4620700348859372,236,-0.0011661186381965,1978,-0.5896412598731736,240,0.005,0.1505056513979774,0.3813206424747174,0.4681737061273052,0.0,-0.0050965228630131,0.0034858267671225,-0.0019167206057131,0.0032506555021698
equity,smallcap,next_close,50,2017,1560,1394,-0.0061544066699099,-0.0049999893471925,-0.0011544066699099,0.4756097560975609,-0.0081219815374914,-2.569175367056923,246,-0.0094504916953432,1560,-3.3065328478461766,250,0.005,0.1054519368723099,0.3629842180774749,0.5315638450502153,0.0,-0.0098248817291017,0.0038241382254713,-0.0118824081482667,0.0035936156376026
equity,smallcap,next_close,50,2018,2547,2165,-0.0014323969149814,-0.0005458090493545,0.0035676030850185,0.4956120092378753,-0.0021045669214335,-1.0104804168405443,244,-0.0042467023471442,2547,-0.7568799129212711,248,0.005,0.1478060046189376,0.3348729792147806,0.5173210161662818,0.0,-0.0046659647884006,0.0046175707224387,-0.0041149783392029,0.0054367651577918
equity,smallcap,next_close,50,2019,2380,2069,-0.0134066444451296,-0.0049998965185648,-0.0084066444451296,0.4775253745770904,-0.0119798477528865,-2.882899055288913,247,-0.0097179057805786,2380,-3.043507250614332,247,0.005,0.1401643305944901,0.3673272112131464,0.4925084581923634,0.0,-0.0111281937856858,0.003860070565173,-0.0091790419322054,0.0030159421931236
equity,smallcap,next_close,50,2020,6326,5031,-0.0246823722191973,-0.0141001165173369,-0.0196823722191973,0.4613396938978334,-0.0052874528857008,-2.5325100991384515,245,-0.0055254154750888,6326,-1.0331189541191932,245,0.005,0.3168356191612005,0.3748757702246074,0.308288610614192,0.0,-0.0093207305028733,0.0036804317210992,-0.0033106844043908,0.0032045529618739
equity,smallcap,next_close,50,2021,5439,4772,-0.0032252544960271,0.002543403429616,0.0017747455039728,0.5144593461860855,-0.0055130890925431,-1.395936662425875,249,-0.0036940645360393,5439,-1.998616520148009,251,0.005,0.1487845766974015,0.4306370494551551,0.4205783738474434,0.0,-0.0046389328176146,0.0033231685523274,-0.005058468188745,0.0025309848776644
equity,smallcap,next_close,50,2022,6895,5670,-0.0117572472563395,-0.0073492781709039,-0.0067572472563395,0.4740740740740741,-0.004147646731148,-0.6517283742973067,249,-0.004017298720359,6895,-0.749406183452982,251,0.005,0.2139329805996472,0.3372134038800705,0.4488536155202822,0.0,-0.002258164759159,0.0034648863671062,-0.0026912481042295,0.0035911741371405
equity,smallcap,next_close,50,2023,4797,4069,-0.0084210442078343,-0.0059551681143489,-0.0034210442078343,0.4743180142541165,-0.0018432068027992,-0.9014987957142028,246,-0.0033342222759307,4788,-2.0491642960587955,243,0.005,0.1491767018923568,0.357090194150897,0.4880806094863603,0.0056524944703858,-0.0031396113560603,0.003482657293594,-0.0055691680475771,0.0027177752697957
equity,smallcap,next_close,100,all,31927,26855,-0.0149764452354004,-0.0088163905136737,-0.0049764452354004,0.4610687022900763,-0.0098910452153071,-8.58410698133977,1964,-0.00969629252,31918,-8.448375769003695,1977,0.01,0.1912493018059951,0.370061441072426,0.4378328058089741,0.0008564513126047,-0.0113512772975329,0.0013223597192123,-0.0105190087309994,0.0012450924318012
equity,smallcap,next_close,100,2015,5,4,-0.1741949457187013,-0.1788147232824354,-0.1641949457187013,0.0,-0.0558238515789732,-1.1061177489610086,2,-0.0435244130716871,5,-3.0661998490891103,2,0.01,0.5,0.0,0.5,0.0,-0.1018741872395484,0.0921006713211502,-0.0465614945986797,0.0151854076349628
equity,smallcap,next_close,100,2016,1978,1681,0.0025400490641906,0.000416606648103,0.0125400490641906,0.5020820939916716,-0.0088989810458617,-2.896449978019893,236,-0.0061661186381965,1978,-2.127792564021638,240,0.01,0.1505056513979774,0.3813206424747174,0.4681737061273052,0.0,-0.0100965228630131,0.0034858267671225,-0.0069167206057131,0.0032506555021698
equity,smallcap,next_close,100,2017,1560,1394,-0.0111544066699099,-0.0099999893471925,-0.0011544066699099,0.4461979913916786,-0.0131219815374914,-3.876659486406121,246,-0.0144504916953432,1560,-4.697889215422433,250,0.01,0.1054519368723099,0.3629842180774749,0.5315638450502153,0.0,-0.0148248817291017,0.0038241382254713,-0.0168824081482667,0.0035936156376026
equity,smallcap,next_close,100,2018,2547,2165,-0.0064323969149814,-0.0055458090493545,0.0035676030850185,0.4711316397228637,-0.0071045669214335,-2.09330086519943,244,-0.0092467023471442,2547,-1.6765444293909768,248,0.01,0.1478060046189376,0.3348729792147806,0.5173210161662818,0.0,-0.0096659647884006,0.0046175707224387,-0.0091149783392029,0.0054367651577918
equity,smallcap,next_close,100,2019,2380,2069,-0.0184066444451296,-0.0099998965185648,-0.0084066444451296,0.4432092798453359,-0.0169798477528865,-4.178212163062606,247,-0.0147179057805786,2380,-4.701363960003532,247,0.01,0.1401643305944901,0.3673272112131464,0.4925084581923634,0.0,-0.0161281937856858,0.003860070565173,-0.0141790419322054,0.0030159421931236
equity,smallcap,next_close,100,2020,6326,5031,-0.0296823722191973,-0.019100116517337,-0.0196823722191973,0.4456370502882131,-0.0102874528857008,-3.891046373928151,245,-0.0105254154750888,6326,-2.593398986774994,245,0.01,0.3168356191612005,0.3748757702246074,0.308288610614192,0.0,-0.0143207305028733,0.0036804317210992,-0.0083106844043908,0.0032045529618739
equity,smallcap,next_close,100,2021,5439,4772,-0.0082252544960271,-0.0024565965703839,0.0017747455039728,0.4878457669740151,-0.0105130890925431,-2.9005248051182284,249,-0.0086940645360393,5439,-3.97413207700658,251,0.01,0.1487845766974015,0.4306370494551551,0.4205783738474434,0.0,-0.0096389328176146,0.0033231685523274,-0.010058468188745,0.0025309848776644
equity,smallcap,next_close,100,2022,6895,5670,-0.0167572472563395,-0.0123492781709039,-0.0067572472563395,0.4564373897707231,-0.009147646731148,-2.094777141341253,249,-0.009017298720359,6895,-2.1417084804341044,251,0.01,0.2139329805996472,0.3372134038800705,0.4488536155202822,0.0,-0.007258164759159,0.0034648863671062,-0.0076912481042295,0.0035911741371405
equity,smallcap,next_close,100,2023,4797,4069,-0.0134210442078343,-0.0109551681143489,-0.0034210442078343,0.4475301056770705,-0.0068432068027992,-2.337184129782805,246,-0.0083342222759307,4788,-3.888904342105972,243,0.01,0.1491767018923568,0.357090194150897,0.4880806094863603,0.0056524944703858,-0.0081396113560603,0.003482657293594,-0.0105691680475771,0.0027177752697957
equity,smallcap,next_close,spec,all,31927,26855,-0.046397373093429,-0.0363640153126994,-0.0049764452354004,0.3444796127350586,-0.0413119730733357,-31.63415127717396,1964,-0.0417988941445596,31918,-33.71882807318015,1977,0.042110786001739,0.1912493018059951,0.370061441072426,0.4378328058089741,0.0008564513126047,-0.0431939685301605,0.0013654220766569,-0.0428265637072944,0.0012701083090535
equity,smallcap,next_close,spec,2015,5,4,-0.2173253871781046,-0.2275584365968165,-0.1641949457187013,0.0,-0.0989542930383765,-1.7161127067175077,2,-0.0830890006816694,5,-20.863710533973578,2,0.0495645876099823,0.5,0.0,0.5,0.0,-0.1396389649819297,0.0813693438871063,-0.0838932028170513,0.0040210106769092
equity,smallcap,next_close,spec,2016,1978,1681,-0.0236561006760609,-0.0215212526346184,0.0125400490641906,0.3991671624033313,-0.0350951307861133,-10.318591807900592,236,-0.0327587090107207,1978,-10.334770880567357,240,0.0365925903725241,0.1505056513979774,0.3813206424747174,0.4681737061273052,0.0,-0.0373551556784077,0.0036201796111176,-0.0345348107558816,0.0033416135834049
equity,smallcap,next_close,spec,2017,1560,1394,-0.0354839598810907,-0.0296863741623304,-0.0011544066699099,0.3385939741750359,-0.0374515347486722,-9.970546483908832,246,-0.0392983686819078,1560,-11.05306931671677,250,0.0348478769865646,0.1054519368723099,0.3629842180774749,0.5315638450502153,0.0,-0.0399620663405371,0.0040080116375798,-0.0428559480906589,0.0038772893630408
equity,smallcap,next_close,spec,2018,2547,2165,-0.0326782675804127,-0.0290782435643074,0.0035676030850185,0.3699769053117783,-0.0333504375868647,-7.991867693283238,244,-0.0360292925734067,2547,-6.917697937004915,248,0.0367825902262625,0.1478060046189376,0.3348729792147806,0.5173210161662818,0.0,-0.0370595735109711,0.0046371605403475,-0.0367584368141828,0.0053136805262268
equity,smallcap,next_close,spec,2019,2380,2069,-0.0442259637388883,-0.032031693861534,-0.0084066444451296,0.3359110681488642,-0.0427991670466453,-10.92839527967721,247,-0.0411887321388005,2380,-13.740364860795363,247,0.0364708263582218,0.1401643305944901,0.3673272112131464,0.4925084581923634,0.0,-0.0444642414429322,0.0040686889799474,-0.0431736929137258,0.0031421067308708
equity,smallcap,next_close,spec,2020,6326,5031,-0.0658704397389454,-0.0560887196490878,-0.0196823722191973,0.3291592128801431,-0.0464755204054488,-14.446627682492506,245,-0.0479535496442728,6326,-15.240433928223531,245,0.047428134169184,0.3168356191612005,0.3748757702246074,0.308288610614192,0.0,-0.0548794305158785,0.0037987710157703,-0.049255672748476,0.0032319075021387
equity,smallcap,next_close,spec,2021,5439,4772,-0.0408093797983461,-0.0322199675539493,0.0017747455039728,0.3518440905280804,-0.043097214394862,-12.884008922949423,249,-0.0414689507353982,5439,-16.914996921980403,251,0.0427748861993588,0.1487845766974015,0.4306370494551551,0.4205783738474434,0.0,-0.0432063333394434,0.0033534852077355,-0.043924743235606,0.0025967928600996
equity,smallcap,next_close,spec,2022,6895,5670,-0.0505822475747514,-0.0424375290400986,-0.0067572472563395,0.3386243386243386,-0.0429726470495598,-12.484310513208923,249,-0.0432160210288185,6895,-12.656457790329084,251,0.0441987223084595,0.2139329805996472,0.3372134038800705,0.4488536155202822,0.0,-0.0444310585557168,0.0035589517345556,-0.0457515847359366,0.0036148806794027
equity,smallcap,next_close,spec,2023,4797,4069,-0.0444118340634281,-0.0350467009725012,-0.0034210442078343,0.3334971737527648,-0.0378339966583929,-11.942744085036905,246,-0.0398800006198092,4788,-15.969569633555498,243,0.0416012951293145,0.1491767018923568,0.357090194150897,0.4880806094863603,0.0056524944703858,-0.0431496608619051,0.0036130440838942,-0.0458501885422604,0.0028710973178587
equity,uncapped,close,0,all,59230,51249,-0.0010407947515119,0.0068539190923075,-0.0010407947515119,0.5267614977853227,0.0006959542084998,-1.03067971341438,1999,0.0009401043588478,59198,-0.1304046708244879,2000,0.0,0.2177798591192023,0.3602021502858592,0.4212765127124431,0.0007414778824952,-0.0011286792927219,0.0010950824761874,-0.0001291749968011,0.0009905703222468
equity,uncapped,close,0,2015,6,5,-0.073545172232989,-0.055818469082232,-0.073545172232989,0.4,0.0061569034707143,0.8838795677642772,2,-0.0401795221089623,6,-2.525935524665571,2,0.0,0.4,0.4,0.2,0.0,0.0191699642961983,0.0216884347091399,-0.0462878686614133,0.018325039657353
equity,uncapped,close,0,2016,4099,3617,0.0139126479630068,0.0170828749085349,0.0139126479630068,0.5814210671827481,0.0012722763701839,0.530153991635651,250,0.0011182350347817,4099,0.736250370948282,250,0.0,0.1758363284489909,0.3624550732651369,0.4617085982858723,0.0,0.0013980281263377,0.0026370227299893,0.0020444149782245,0.0027767931384419
equity,uncapped,close,0,2017,2696,2476,0.0014335764881333,0.0060595344540742,0.0014335764881333,0.5367528271405493,-0.0015350664213635,-1.2895178482001732,249,-0.0038487090332738,2696,-1.7604614055163452,251,0.0,0.1054119547657512,0.3546042003231018,0.539983844911147,0.0,-0.0035102928251714,0.0027221746717743,-0.0046300774235586,0.002630036312668
equity,uncapped,close,0,2018,4780,4246,0.0061939537797462,0.0095618066011953,0.0061939537797462,0.5438059349976448,0.0041011941217566,1.075662009135501,249,0.0013794206454196,4780,0.3268326299424006,250,0.0,0.1573245407442298,0.3243052284503062,0.518370230805464,0.0,0.0048856013048205,0.0045419483660551,0.0010236909874031,0.0031321566258042
equity,uncapped,close,0,2019,4259,3865,-0.0007779091877356,0.0077369659262476,-0.0007779091877356,0.5366106080206986,-0.003566449288169,-2.3367367149516305,250,-0.0024820941449639,4259,-0.9766968323630004,250,0.0,0.1423027166882277,0.3811125485122897,0.4765847347994825,0.0,-0.0056405901016878,0.0024138748989548,-0.0027050231030707,0.0027695626866386
equity,uncapped,close,0,2020,14246,11328,-0.0148074394875532,-0.0088484014147328,-0.0148074394875532,0.4781956214689266,0.0013660744827328,-1.0158992402705418,249,0.0020715395488115,14246,1.0504182622765743,250,0.0,0.3666137005649718,0.3407485875706215,0.2926377118644068,0.0,-0.0036213148644051,0.0035646397997509,0.0040902728882979,0.0038939468544968
equity,uncapped,close,0,2021,8350,7531,0.007906362170229,0.0155279503105589,0.007906362170229,0.5752224140220422,0.0026865813960625,-0.8518555238296662,251,0.0039077108204141,8350,-0.1858388034385567,252,0.0,0.1507103970256274,0.4420395697782499,0.4072500331961227,0.0,-0.0020593788268761,0.0024175212454077,-0.0003992647768168,0.0021484467690778
equity,uncapped,close,0,2022,12953,11248,-0.0020930334525032,0.0030429255607662,-0.0020930334525032,0.5099573257467994,-0.0009181808587411,-0.2586393622200068,251,-0.0004743435583704,12953,-0.3011655558539267,251,0.0,0.2387091038406827,0.3336593172119488,0.4276315789473684,0.0,-0.0009081604190465,0.0035113001023952,-0.0007565023526583,0.0025119152504452
equity,uncapped,close,0,2023,7841,6933,0.0002310464619463,0.0077519379844961,0.0002310464619463,0.5328140775998846,0.0008403276886142,0.1245236379154144,248,0.0012379423410048,7809,0.3326461898611301,244,0.0,0.1544785807009952,0.3572767921534689,0.4827635944035771,0.0054810327419587,0.0002829782242934,0.0022724860037072,0.0007112010393246,0.0021380104778037
equity,uncapped,close,50,all,59230,51249,-0.0060407947515119,0.0018539190923075,-0.0010407947515119,0.5079903998126792,-0.0043040457915002,-5.596545854755408,1999,-0.0040598956411521,59198,-5.178001885991409,2000,0.005,0.2177798591192023,0.3602021502858592,0.4212765127124431,0.0007414778824952,-0.0061286792927219,0.0010950824761874,-0.0051291749968011,0.0009905703222468
equity,uncapped,close,50,2015,6,5,-0.078545172232989,-0.060818469082232,-0.073545172232989,0.4,0.0011569034707143,0.6533419532681558,2,-0.0451795221089623,6,-2.7987862302297324,2,0.005,0.4,0.4,0.2,0.0,0.0141699642961983,0.0216884347091399,-0.0512878686614133,0.018325039657353
equity,uncapped,close,50,2016,4099,3617,0.0089126479630068,0.0120828749085349,0.0139126479630068,0.5579209289466409,-0.003727723629816,-1.3659237111228095,250,-0.0038817649652182,4099,-1.0643879015899027,250,0.005,0.1758363284489909,0.3624550732651369,0.4617085982858723,0.0,-0.0036019718736622,0.0026370227299893,-0.0029555850217754,0.0027767931384419
equity,uncapped,close,50,2017,2696,2476,-0.0035664235118666,0.0010595344540742,0.0014335764881333,0.5096930533117933,-0.0065350664213635,-3.1262846258224704,249,-0.0088487090332738,2696,-3.661575841053452,251,0.005,0.1054119547657512,0.3546042003231018,0.539983844911147,0.0,-0.0085102928251714,0.0027221746717743,-0.0096300774235586,0.002630036312668
equity,uncapped,close,50,2018,4780,4246,0.0011939537797462,0.0045618066011953,0.0061939537797462,0.5188412623645784,-0.0008988058782433,-0.0251871412793654,249,-0.0036205793545803,4780,-1.2695115499135838,250,0.005,0.1573245407442298,0.3243052284503062,0.518370230805464,0.0,-0.0001143986951794,0.0045419483660551,-0.0039763090125968,0.0031321566258042
equity,uncapped,close,50,2019,4259,3865,-0.0057779091877356,0.0027369659262476,-0.0007779091877356,0.5159120310478654,-0.008566449288169,-4.408095094859776,250,-0.0074820941449639,4259,-2.7820360016555807,250,0.005,0.1423027166882277,0.3811125485122897,0.4765847347994825,0.0,-0.0106405901016878,0.0024138748989548,-0.0077050231030707,0.0027695626866386
equity,uncapped,close,50,2020,14246,11328,-0.0198074394875532,-0.0138484014147328,-0.0148074394875532,0.4657485875706215,-0.0036339255172671,-2.418565506957394,249,-0.0029284604511884,14246,-0.2336259701776509,250,0.005,0.3666137005649718,0.3407485875706215,0.2926377118644068,0.0,-0.0086213148644051,0.0035646397997509,-0.000909727111702,0.0038939468544968
equity,uncapped,close,50,2021,8350,7531,0.002906362170229,0.0105279503105589,0.007906362170229,0.5547736024432346,-0.0023134186039374,-2.9200896746144385,251,-0.0010922891795858,8350,-2.5131014901217346,252,0.005,0.1507103970256274,0.4420395697782499,0.4072500331961227,0.0,-0.0070593788268761,0.0024175212454077,-0.0053992647768168,0.0021484467690778
equity,uncapped,close,50,2022,12953,11248,-0.0070930334525032,-0.0019570744392337,-0.0020930334525032,0.4928876244665718,-0.0059181808587411,-1.6826133474083609,251,-0.0054743435583704,12953,-2.2916785714159453,251,0.005,0.2387091038406827,0.3336593172119488,0.4276315789473684,0.0,-0.0059081604190465,0.0035113001023952,-0.0057565023526583,0.0025119152504452
equity,uncapped,close,50,2023,7841,6933,-0.0047689535380536,0.0027519379844961,0.0002310464619463,0.5130535121880859,-0.0041596723113857,-2.07570993529174,248,-0.0037620576589951,7809,-2.005976586738216,244,0.005,0.1544785807009952,0.3572767921534689,0.4827635944035771,0.0054810327419587,-0.0047170217757065,0.0022724860037072,-0.0042887989606753,0.0021380104778037
equity,uncapped,close,100,all,59230,51249,-0.0110407947515119,-0.0031460809076924,-0.0010407947515119,0.4868582801615641,-0.0093040457915001,-10.162411996096433,1999,-0.0090598956411521,59198,-10.225599101158332,2000,0.01,0.2177798591192023,0.3602021502858592,0.4212765127124431,0.0007414778824952,-0.0111286792927219,0.0010950824761874,-0.0101291749968011,0.0009905703222468
equity,uncapped,close,100,2015,6,5,-0.083545172232989,-0.065818469082232,-0.073545172232989,0.4,-0.0038430965292856,0.4228043387720341,2,-0.0501795221089623,6,-3.0716369357938924,2,0.01,0.4,0.4,0.2,0.0,0.0091699642961983,0.0216884347091399,-0.0562878686614133,0.018325039657353
equity,uncapped,close,100,2016,4099,3617,0.0039126479630068,0.0070828749085349,0.0139126479630068,0.5294442908487696,-0.008727723629816,-3.262001413881269,250,-0.0088817649652182,4099,-2.865026174128088,250,0.01,0.1758363284489909,0.3624550732651369,0.4617085982858723,0.0,-0.0086019718736622,0.0026370227299893,-0.0079555850217754,0.0027767931384419
equity,uncapped,close,100,2017,2696,2476,-0.0085664235118666,-0.0039404655459257,0.0014335764881333,0.4785945072697899,-0.0115350664213635,-4.963051403444768,249,-0.0138487090332738,2696,-5.562690276590559,251,0.01,0.1054119547657512,0.3546042003231018,0.539983844911147,0.0,-0.0135102928251714,0.0027221746717743,-0.0146300774235586,0.002630036312668
equity,uncapped,close,100,2018,4780,4246,-0.0038060462202537,-0.0004381933988046,0.0061939537797462,0.4981158737635421,-0.0058988058782433,-1.1260362916942313,249,-0.0086205793545803,4780,-2.865855729769567,250,0.01,0.1573245407442298,0.3243052284503062,0.518370230805464,0.0,-0.0051143986951794,0.0045419483660551,-0.0089763090125968,0.0031321566258042
equity,uncapped,close,100,2019,4259,3865,-0.0107779091877356,-0.0022630340737523,-0.0007779091877356,0.4892626131953428,-0.013566449288169,-6.479453474767921,250,-0.0124820941449639,4259,-4.587375170948161,250,0.01,0.1423027166882277,0.3811125485122897,0.4765847347994825,0.0,-0.0156405901016878,0.0024138748989548,-0.0127050231030707,0.0027695626866386
equity,uncapped,close,100,2020,14246,11328,-0.0248074394875532,-0.0188484014147328,-0.0148074394875532,0.450829802259887,-0.0086339255172671,-3.8212317736442456,249,-0.0079284604511884,14246,-1.517670202631876,250,0.01,0.3666137005649718,0.3407485875706215,0.2926377118644068,0.0,-0.0136213148644051,0.0035646397997509,-0.005909727111702,0.0038939468544968
equity,uncapped,close,100,2021,8350,7531,-0.0020936378297709,0.0055279503105589,0.007906362170229,0.5310051785951401,-0.0073134186039374,-4.988323825399211,251,-0.0060922891795858,8350,-4.840364176804911,252,0.01,0.1507103970256274,0.4420395697782499,0.4072500331961227,0.0,-0.0120593788268761,0.0024175212454077,-0.0103992647768168,0.0021484467690778
equity,uncapped,close,100,2022,12953,11248,-0.0120930334525032,-0.0069570744392337,-0.0020930334525032,0.4762624466571835,-0.0109181808587411,-3.1065873325967157,251,-0.0104743435583704,12953,-4.2821915869779605,251,0.01,0.2387091038406827,0.3336593172119488,0.4276315789473684,0.0,-0.0109081604190465,0.0035113001023952,-0.0107565023526583,0.0025119152504452
equity,uncapped,close,100,2023,7841,6933,-0.0097689535380536,-0.0022480620155038,0.0002310464619463,0.487523438626857,-0.0091596723113857,-4.275943508498893,248,-0.0087620576589951,7809,-4.344599363337563,244,0.01,0.1544785807009952,0.3572767921534689,0.4827635944035771,0.0054810327419587,-0.0097170217757065,0.0022724860037072,-0.0092887989606753,0.0021380104778037
equity,uncapped,close,spec,all,59230,51249,-0.0379804518865366,-0.026684153995503,-0.0010407947515119,0.381705008878222,-0.0362437029265248,-35.30548093590087,1999,-0.0368916919537552,59198,-39.0738070423804,2000,0.0378407744095013,0.2177798591192023,0.3602021502858592,0.4212765127124431,0.0007414778824952,-0.0389381011839757,0.0011028911135545,-0.0383483426471091,0.0009814334857495
equity,uncapped,close,spec,2015,6,5,-0.1250497732090633,-0.1200281606967902,-0.073545172232989,0.0,-0.0453476975053599,-0.8755422295148427,2,-0.0889835516244073,6,-10.390811932802702,2,0.048804029515445,0.4,0.4,0.2,0.0,-0.0269079551794746,0.0307329038764754,-0.0919327186130765,0.0088475009660077
equity,uncapped,close,spec,2016,4099,3617,-0.0187388984769636,-0.014821295177344,0.0139126479630068,0.4271495714680675,-0.0313792700697865,-12.079202267721625,250,-0.0319443694073822,4099,-11.58575753236302,250,0.0330626044421639,0.1758363284489909,0.3624550732651369,0.4617085982858723,0.0,-0.0324689122843425,0.002688001373328,-0.0322180313352956,0.002780830795509
equity,uncapped,close,spec,2017,2696,2476,-0.0296608815923269,-0.022395827445282,0.0014335764881333,0.3570274636510501,-0.0326295245018238,-12.546239657276836,249,-0.0353667838459968,2696,-13.686243803975351,251,0.031518074812723,0.1054119547657512,0.3546042003231018,0.539983844911147,0.0,-0.0359006781748851,0.0028614691856346,-0.037614371724922,0.0027483341860384
equity,uncapped,close,spec,2018,4780,4246,-0.0261675276205872,-0.020315770723385,0.0061939537797462,0.4086198775317946,-0.0282602872785767,-6.448292717554627,249,-0.0313777978592584,4780,-10.747912130093331,250,0.032757218504678,0.1573245407442298,0.3243052284503062,0.518370230805464,0.0,-0.0284604271960721,0.0044136376003205,-0.0327075214465974,0.0030431511767777
equity,uncapped,close,spec,2019,4259,3865,-0.0330621115342741,-0.022845207066194,-0.0007779091877356,0.381888745148771,-0.0358506516347074,-15.632251439465934,250,-0.0352078181419329,4259,-13.54344884548922,250,0.032725723996969,0.1423027166882277,0.3811125485122897,0.4765847347994825,0.0,-0.0407408085357129,0.0026062022283531,-0.0381814467661343,0.0028191819677342
equity,uncapped,close,spec,2020,14246,11328,-0.055295908260535,-0.0488470874776239,-0.0148074394875532,0.3560204802259887,-0.0391223942902489,-15.197285188113764,249,-0.0403289613623975,14246,-12.239991123930528,250,0.042400500911209,0.3666137005649718,0.3407485875706215,0.2926377118644068,0.0,-0.0501091966760239,0.0032972465842264,-0.0427268133759097,0.0034907552581777
equity,uncapped,close,spec,2021,8350,7531,-0.0305355217961388,-0.0193756623859438,0.007906362170229,0.3979551188421192,-0.0357553025703053,-16.56260061675802,251,-0.0347785616369573,8350,-17.922470610593205,252,0.0386862724573714,0.1507103970256274,0.4420395697782499,0.4072500331961227,0.0,-0.0416552613072382,0.0025150193662878,-0.0403197732716492,0.002249677187241
equity,uncapped,close,spec,2022,12953,11248,-0.0408733016715559,-0.0324778582950851,-0.0020930334525032,0.380423186344239,-0.0396984490777938,-12.135257984808916,251,-0.0397300356861897,12953,-16.834622545284255,251,0.0392556921278193,0.2387091038406827,0.3336593172119488,0.4276315789473684,0.0,-0.0427389146005057,0.0035218793579837,-0.0431603092883215,0.0025637824175874
equity,uncapped,close,spec,2023,7841,6933,-0.0360054301561497,-0.0240195747017347,0.0002310464619463,0.3768931198615318,-0.0353961489294817,-16.5066497203777,248,-0.0355493869643639,7809,-17.58622750313124,244,0.0368594113897346,0.1544785807009952,0.3572767921534689,0.4827635944035771,0.0054810327419587,-0.0394958660840832,0.0023927245536279,-0.0394235197837219,0.0022417269295932
equity,uncapped,next_open,0,all,59213,50570,-0.003853911423411,0.0034261845648594,-0.003853911423411,0.5097290883923274,3.057222533383868e-05,-1.9889044753826304,1996,0.0005855772223122,59195,-1.5616456850747311,1999,0.0,0.2386197350207633,0.3592643859996045,0.4013051216136049,0.0008107573660272,-0.0022314549833887,0.0011219518136784,-0.0014710043917988,0.0009419578370803
equity,uncapped,next_open,0,2015,6,5,-0.1194245958447089,-0.1396855465390357,-0.1194245958447089,0.2,-0.0320351904377303,-1.74005159414668,2,-0.0259857218798696,6,-1.5460011883189846,2,0.0,0.4,0.4,0.2,0.0,-0.0488950539398073,0.0280997725034615,-0.0331285741107407,0.0214285566926132
equity,uncapped,next_open,0,2016,4099,3531,0.0160421989633752,0.0204081434053664,0.0160421989633752,0.5836873406966865,0.0015652807524739,0.5052686153102858,250,0.0009209682603124,4099,0.5677340285482724,250,0.0,0.173322005097706,0.3763806287170773,0.4502973661852166,0.0,0.0013325898854126,0.0026373889947515,0.0014995949303332,0.0026413687658775
equity,uncapped,next_open,0,2017,2696,2442,0.0004402324907043,0.0024439946566882,0.0004402324907043,0.5085995085995086,-0.0030601125406388,-1.6211942928388112,248,-0.0043262759996788,2696,-2.656155687769965,251,0.0,0.1216216216216216,0.3521703521703522,0.5262080262080262,0.0,-0.0044664470385855,0.0027550350123454,-0.0064786058232066,0.0024390911470426
equity,uncapped,next_open,0,2018,4780,4167,0.0044468105820704,0.0082524307352376,0.0044468105820704,0.5296376289896808,0.0030887114575171,0.1340085705045073,249,0.001213114390404,4780,-0.0346079790343621,250,0.0,0.1703863690904727,0.3254139668826494,0.5041996640268779,0.0,0.0005967266647346,0.0044528992622492,-0.0001098941764183,0.0031753999940069
equity,uncapped,next_open,0,2019,4259,3808,-0.0011807275661398,0.0065985141152085,-0.0011807275661398,0.5283613445378151,-0.0040395411600657,-1.9049553630268443,250,-0.0031559242393345,4259,-1.2333296486961551,250,0.0,0.1570378151260504,0.384453781512605,0.4585084033613445,0.0,-0.0052709595715808,0.0027669727458629,-0.0033004824701603,0.002676074862588
equity,uncapped,next_open,0,2020,14246,11330,-0.0220177428657913,-0.0277785277174674,-0.0220177428657913,0.4462488967343336,0.0017780895718144,-1.9676345407893048,249,0.0014486804965283,14246,0.2346414050925074,250,0.0,0.4036187113857016,0.3270962047661077,0.2692850838481906,0.0,-0.0064512527240783,0.0032786844255592,0.0007988151812263,0.0034044084457789
equity,uncapped,next_open,0,2021,8350,7415,0.0040425696915017,0.0130992923938249,0.0040425696915017,0.552124072825354,-0.0010113882560572,-1.5935657223682886,251,0.0014686741894847,8350,-1.3273102656891325,252,0.0,0.1722184760620364,0.4396493594066082,0.3881321645313553,0.0,-0.0044696052200482,0.0028047824807662,-0.0028223623056097,0.0021263772145575
equity,uncapped,next_open,0,2022,12953,11022,-0.0041833257058131,0.0007239576145627,-0.0041833257058131,0.5021774632553075,-0.0009595178804891,-0.0871246449744352,250,0.000875027028028,12953,-0.0107590313127504,251,0.0,0.2570313917619307,0.3375068045726728,0.4054618036653964,0.0,-0.0002967511168465,0.0034060525231829,-2.675148679101226e-05,0.00248642150147
equity,uncapped,next_open,0,2023,7824,6850,-6.640741195296087e-05,0.0062835264106965,-6.640741195296087e-05,0.521021897810219,0.0005975779733416,0.5454195121025022,247,0.0007833188344319,7806,-0.501102353506652,243,0.0,0.1700729927007299,0.3607299270072993,0.4632116788321168,0.005985401459854,0.001578594843592,0.0028942764396286,-0.0010378971662819,0.0020712278819265
equity,uncapped,next_open,50,all,59213,50570,-0.0088539114234111,-0.0015738154351405,-0.003853911423411,0.494720189835871,-0.0049694277746661,-6.4454238544162274,1996,-0.0044144227776877,59195,-6.869738896017078,1999,0.005,0.2386197350207633,0.3592643859996045,0.4013051216136049,0.0008107573660272,-0.0072314549833887,0.0011219518136784,-0.0064710043917988,0.0009419578370803
equity,uncapped,next_open,50,2015,6,5,-0.1244245958447089,-0.1446855465390357,-0.1194245958447089,0.2,-0.0370351904377303,-1.9179889777815144,2,-0.0309857218798696,6,-1.7793346821106402,2,0.005,0.4,0.4,0.2,0.0,-0.0538950539398073,0.0280997725034615,-0.0381285741107407,0.0214285566926132
equity,uncapped,next_open,50,2016,4099,3531,0.0110421989633752,0.0154081434053664,0.0160421989633752,0.5647125460209572,-0.003434719247526,-1.3905457715511735,250,-0.0040790317396875,4099,-1.3252239198428877,250,0.005,0.173322005097706,0.3763806287170773,0.4502973661852166,0.0,-0.0036674101145873,0.0026373889947515,-0.0035004050696667,0.0026413687658775
equity,uncapped,next_open,50,2017,2696,2442,-0.0045597675092956,-0.0025560053433117,0.0004402324907043,0.4852579852579852,-0.0080601125406388,-3.4360532610895587,248,-0.0093262759996788,2696,-4.706099580216317,251,0.005,0.1216216216216216,0.3521703521703522,0.5262080262080262,0.0,-0.0094664470385855,0.0027550350123454,-0.0114786058232066,0.0024390911470426
equity,uncapped,next_open,50,2018,4780,4167,-0.0005531894179295,0.0032524307352376,0.0044468105820704,0.5128389728821694,-0.0019112885424828,-0.9888553672425032,249,-0.0037868856095959,4780,-1.6092127562078276,250,0.005,0.1703863690904727,0.3254139668826494,0.5041996640268779,0.0,-0.0044032733352653,0.0044528992622492,-0.0051098941764183,0.0031753999940069
equity,uncapped,next_open,50,2019,4259,3808,-0.0061807275661398,0.0015985141152085,-0.0011807275661398,0.5055147058823529,-0.0090395411600657,-3.711984365201047,250,-0.0081559242393345,4259,-3.101737767579809,250,0.005,0.1570378151260504,0.384453781512605,0.4585084033613445,0.0,-0.0102709595715808,0.0027669727458629,-0.0083004824701603,0.002676074862588
equity,uncapped,next_open,50,2020,14246,11330,-0.0270177428657913,-0.0327785277174674,-0.0220177428657913,0.4378640776699029,-0.0032219104281855,-3.492636447353428,249,-0.0035513195034717,14246,-1.2340425321123276,250,0.005,0.4036187113857016,0.3270962047661077,0.2692850838481906,0.0,-0.0114512527240783,0.0032786844255592,-0.0042011848187736,0.0034044084457789
equity,uncapped,next_open,50,2021,8350,7415,-0.0009574303084982,0.0080992923938249,0.0040425696915017,0.535266351989211,-0.0060113882560572,-3.376235157266503,251,-0.0035313258105152,8350,-3.678727486382195,252,0.005,0.1722184760620364,0.4396493594066082,0.3881321645313553,0.0,-0.0094696052200482,0.0028047824807662,-0.0078223623056097,0.0021263772145575
equity,uncapped,next_open,50,2022,12953,11022,-0.0091833257058131,-0.0042760423854372,-0.0041833257058131,0.4887497731809109,-0.0059595178804891,-1.5550996588557509,250,-0.0041249729719719,12953,-2.021681152539527,251,0.005,0.2570313917619307,0.3375068045726728,0.4054618036653964,0.0,-0.0052967511168465,0.0034060525231829,-0.005026751486791,0.00248642150147
equity,uncapped,next_open,50,2023,7824,6850,-0.0050664074119529,0.0012835264106965,-6.640741195296087e-05,0.504963503649635,-0.0044024220266583,-1.182127978365093,247,-0.004216681165568,7806,-2.91512933896292,243,0.005,0.1700729927007299,0.3607299270072993,0.4632116788321168,0.005985401459854,-0.0034214051564079,0.0028942764396286,-0.0060378971662819,0.0020712278819265
equity,uncapped,next_open,100,all,59213,50570,-0.0138539114234111,-0.0065738154351405,-0.003853911423411,0.4762705161162744,-0.0099694277746661,-10.901943233449822,1996,-0.0094144227776877,59195,-12.177832106959425,1999,0.01,0.2386197350207633,0.3592643859996045,0.4013051216136049,0.0008107573660272,-0.0122314549833887,0.0011219518136784,-0.0114710043917988,0.0009419578370803
equity,uncapped,next_open,100,2015,6,5,-0.1294245958447089,-0.1496855465390357,-0.1194245958447089,0.2,-0.0420351904377303,-2.0959263614163484,2,-0.0359857218798696,6,-2.012668175902295,2,0.01,0.4,0.4,0.2,0.0,-0.0588950539398073,0.0280997725034615,-0.0431285741107407,0.0214285566926132
equity,uncapped,next_open,100,2016,4099,3531,0.0060421989633752,0.0104081434053664,0.0160421989633752,0.5423392806570376,-0.008434719247526,-3.286360158412631,250,-0.0090790317396875,4099,-3.2181818682340464,250,0.01,0.173322005097706,0.3763806287170773,0.4502973661852166,0.0,-0.0086674101145873,0.0026373889947515,-0.0085004050696667,0.0026413687658775
equity,uncapped,next_open,100,2017,2696,2442,-0.0095597675092956,-0.0075560053433117,0.0004402324907043,0.457002457002457,-0.0130601125406388,-5.250912229340305,248,-0.0143262759996788,2696,-6.756043472662665,251,0.01,0.1216216216216216,0.3521703521703522,0.5262080262080262,0.0,-0.0144664470385855,0.0027550350123454,-0.0164786058232066,0.0024390911470426
equity,uncapped,next_open,100,2018,4780,4167,-0.0055531894179295,-0.0017475692647623,0.0044468105820704,0.4931605471562275,-0.0069112885424828,-2.111719304989513,249,-0.0087868856095959,4780,-3.183817533381292,250,0.01,0.1703863690904727,0.3254139668826494,0.5041996640268779,0.0,-0.0094032733352653,0.0044528992622492,-0.0101098941764183,0.0031753999940069
equity,uncapped,next_open,100,2019,4259,3808,-0.0111807275661398,-0.0034014858847914,-0.0011807275661398,0.4855567226890756,-0.0140395411600657,-5.519013367375249,250,-0.0131559242393345,4259,-4.9701458864634604,250,0.01,0.1570378151260504,0.384453781512605,0.4585084033613445,0.0,-0.0152709595715808,0.0027669727458629,-0.0133004824701603,0.002676074862588
equity,uncapped,next_open,100,2020,14246,11330,-0.0320177428657913,-0.0377785277174674,-0.0220177428657913,0.4248896734333627,-0.0082219104281855,-5.017638353917548,249,-0.0085513195034716,14246,-2.702726469317162,250,0.01,0.4036187113857016,0.3270962047661077,0.2692850838481906,0.0,-0.0164512527240783,0.0032786844255592,-0.0092011848187736,0.0034044084457789
equity,uncapped,next_open,100,2021,8350,7415,-0.0059574303084982,0.0030992923938249,0.0040425696915017,0.5150370869858395,-0.0110113882560572,-5.158904592164716,251,-0.0085313258105152,8350,-6.030144707075257,252,0.01,0.1722184760620364,0.4396493594066082,0.3881321645313553,0.0,-0.0144696052200482,0.0028047824807662,-0.0128223623056097,0.0021263772145575
equity,uncapped,next_open,100,2022,12953,11022,-0.0141833257058131,-0.0092760423854372,-0.0041833257058131,0.4727817093086554,-0.0109595178804891,-3.023074672737066,250,-0.0091249729719719,12953,-4.032603273766302,251,0.01,0.2570313917619307,0.3375068045726728,0.4054618036653964,0.0,-0.0102967511168465,0.0034060525231829,-0.010026751486791,0.00248642150147
equity,uncapped,next_open,100,2023,7824,6850,-0.0100664074119529,-0.0037164735893034,-6.640741195296087e-05,0.4824817518248175,-0.0094024220266583,-2.909675468832688,247,-0.009216681165568,7806,-5.329156324419187,243,0.01,0.1700729927007299,0.3607299270072993,0.4632116788321168,0.005985401459854,-0.0084214051564079,0.0028942764396286,-0.0110378971662819,0.0020712278819265
equity,uncapped,next_open,spec,all,59213,50570,-0.0408340546176438,-0.0297462996479812,-0.003853911423411,0.3856436622503461,-0.0369495709688989,-34.77406564056695,1996,-0.0372457273080565,59195,-41.80182755725422,1999,0.0378351882654869,0.2386197350207633,0.3592643859996045,0.4013051216136049,0.0008107573660272,-0.0399538256203717,0.0011489546846015,-0.0396855115559725,0.0009493726440935
equity,uncapped,next_open,spec,2015,6,5,-0.1709291968207832,-0.2038952381535939,-0.1194245958447089,0.2,-0.0835397914138046,-4.9840704049788425,2,-0.0747897513953146,6,-6.591356824502027,2,0.048804029515445,0.4,0.4,0.2,0.0,-0.0949729734154803,0.019055303336126,-0.0787734240624039,0.0119510180012679
equity,uncapped,next_open,spec,2016,4099,3531,-0.0166378019290888,-0.0088125315677602,0.0160421989633752,0.4568111016709147,-0.03111472013999,-12.122331308041952,250,-0.0321416361818515,4099,-12.18875756694306,250,0.0330626044421639,0.173322005097706,0.3763806287170773,0.4502973661852166,0.0,-0.0325566391313915,0.0026856747521653,-0.0327628513831869,0.0026879566028979
equity,uncapped,next_open,spec,2017,2696,2442,-0.030527294049704,-0.0250232449003584,0.0004402324907043,0.3722358722358722,-0.0340276390810472,-12.728053372195408,248,-0.0358443508124018,2696,-15.216456920952243,251,0.031518074812723,0.1216216216216216,0.3521703521703522,0.5262080262080262,0.0,-0.0365595246181018,0.0028723578970816,-0.03946290012457,0.0025934355369042
equity,uncapped,next_open,spec,2018,4780,4167,-0.0277804902484411,-0.0212692799683516,0.0044468105820704,0.4024478041756659,-0.0291385893729944,-7.44406634330572,249,-0.031544104114274,4780,-10.958093681543746,250,0.032757218504678,0.1703863690904727,0.3254139668826494,0.5041996640268779,0.0,-0.0326035802890502,0.004379807861112,-0.0338411066104189,0.0030882293575766
equity,uncapped,next_open,spec,2019,4259,3808,-0.0332948602596263,-0.0224960201899616,-0.0011807275661398,0.3949579831932773,-0.0361536738535522,-13.702151357092031,250,-0.0358816482363035,4259,-14.210484286147947,250,0.032725723996969,0.1570378151260504,0.384453781512605,0.4585084033613445,0.0,-0.0401368539266029,0.0029292373789046,-0.0387769061332239,0.0027287533170859
equity,uncapped,next_open,spec,2020,14246,11330,-0.0628516920638245,-0.06894517978914,-0.0220177428657913,0.3427184466019417,-0.0390558596262187,-15.907404655004909,249,-0.0409518204146807,14246,-14.69881683661341,250,0.042400500911209,0.4036187113857016,0.3270962047661077,0.2692850838481906,0.0,-0.0531698471036192,0.0033424589527173,-0.0460182710829813,0.0031307466168538
equity,uncapped,next_open,spec,2021,8350,7415,-0.0343147874650057,-0.0214305079999633,0.0040425696915017,0.4013486176668914,-0.0393687454125648,-14.994959440576714,251,-0.0372175982678867,8350,-18.76183076163869,252,0.0386862724573714,0.1722184760620364,0.4396493594066082,0.3881321645313553,0.0,-0.0440194959067685,0.0029356195380996,-0.0427428708004421,0.0022781823023282
equity,uncapped,next_open,spec,2022,12953,11022,-0.0429790821581333,-0.0341075319208059,-0.0041833257058131,0.3846851751043368,-0.0397552743328094,-12.308548318943272,250,-0.0383806650997912,12953,-16.706487674478105,251,0.0392556921278193,0.2570313917619307,0.3375068045726728,0.4054618036653964,0.0,-0.0421747576872428,0.0034264607486111,-0.0424305584224542,0.0025397653444101
equity,uncapped,next_open,spec,2023,7824,6850,-0.0362058935667371,-0.0254130136082381,-6.640741195296087e-05,0.394014598540146,-0.0355419081814425,-12.776708550543336,247,-0.0359998797445235,7806,-18.5670801255524,243,0.0368150024535302,0.1700729927007299,0.3607299270072993,0.4632116788321168,0.005985401459854,-0.0379254587306028,0.0029683277645861,-0.0411421621925799,0.002215866033559
equity,uncapped,next_close,0,all,59213,50283,-0.0038114403457945,0.0032326487402398,-0.0038114403457945,0.5127577909034863,0.0006659648570648,-1.2036504618412824,1997,0.0010402320295121,59195,-0.4560314807809295,1999,0.0,0.213372312710061,0.3655310940079152,0.4202613209235726,0.0008352723584511,-0.0012344968415313,0.0010256273566686,-0.0004578913039006,0.0010040782779218
equity,uncapped,next_close,0,2015,6,5,-0.1270440186194393,-0.1598916116263713,-0.1270440186194393,0.2,-0.0350523782842649,-0.9754514356415792,2,-0.0125845387452812,6,-0.6988293028439789,2,0.0,0.4,0.2,0.4,0.0,-0.0910687494418821,0.0933606185960287,-0.02406167282707,0.0344314022453665
equity,uncapped,next_close,0,2016,4099,3513,0.0182329461411105,0.0170454383820048,0.0182329461411105,0.5846854540278964,0.0019561405040889,-0.5399034706997967,250,0.0026421205440052,4099,0.2236232294081435,250,0.0,0.1446057500711642,0.3820096783376032,0.4733845715912325,0.0,-0.0013853968079524,0.0025660083387809,0.0005159089912547,0.0023070456169524
equity,uncapped,next_close,0,2017,2696,2435,0.0010695151139753,0.0008732980576975,0.0010695151139753,0.5055441478439425,-0.0031219548430961,-1.477139180612393,248,-0.0044443931899267,2696,-2.5532006275611945,251,0.0,0.1006160164271047,0.3572895277207392,0.5420944558521561,0.0,-0.0038634560658878,0.0026154990109233,-0.0056950540307074,0.0022305548452521
equity,uncapped,next_close,0,2018,4780,4140,0.0056336651003634,0.0065332818155589,0.0056336651003634,0.533816425120773,0.0027739992052184,0.1138182754550318,249,0.000168347356629,4780,0.2936609525690607,250,0.0,0.1509661835748792,0.328743961352657,0.5202898550724637,0.0,0.0004652713440163,0.0040878439086891,0.0015195854854786,0.0051746256088346
equity,uncapped,next_close,0,2019,4259,3778,-0.0004546135566711,0.0056522201686203,-0.0004546135566711,0.5317628374801482,-0.0031667341922264,-1.5923442766604192,250,-0.0014436576271464,4259,-0.2230226681348527,250,0.0,0.1283748014822657,0.3867125463208046,0.4849126521969296,0.0,-0.0044417492649492,0.0027894402800032,-0.000584792146848,0.0026221197680878
equity,uncapped,next_close,0,2020,14246,11421,-0.0264534036942175,-0.023214870268874,-0.0264534036942175,0.4510988529901059,0.0025413211424114,-0.866221460622987,250,0.00203238991061,14246,0.6878292673908794,250,0.0,0.39208475615095,0.3350844934769285,0.2728307503721215,0.0,-0.0025122605595141,0.0029002520414436,0.0020177754289527,0.0029335411047667
equity,uncapped,next_close,0,2021,8350,7380,0.0030812862261552,0.0100939449704821,0.0030812862261552,0.5529810298102981,-0.0025993245270301,-0.8245591484759204,251,-0.0006297672024899,8350,-0.8013409089083703,252,0.0,0.1475609756097561,0.4452574525745257,0.4071815718157182,0.0,-0.002019379871727,0.0024490418612898,-0.0015789538129707,0.001970389624962
equity,uncapped,next_close,0,2022,12953,10817,-0.0014383303712505,0.0024101824554274,-0.0014383303712505,0.5079042248312841,0.0009065457049688,0.8130544883424559,250,0.0031050236979152,12953,0.4553321186398144,251,0.0,0.2149394471664971,0.3476934455024498,0.437367107331053,0.0,0.0022631566230377,0.0027835239279615,0.0009129176689748,0.0020049489847146
equity,uncapped,next_close,0,2023,7824,6794,0.0023057055430243,0.0049345721686526,0.0023057055430243,0.5226670591698558,0.0022408091950644,0.9008935347826916,247,0.000542360893426,7806,-0.2767764943485702,243,0.0,0.1430674124227259,0.3637032675890491,0.4870473947600824,0.0061819252281424,0.002368658688963,0.0026292326423836,-0.0005601161435771,0.0020237128333296
equity,uncapped,next_close,50,all,59213,50283,-0.0088114403457945,-0.0017673512597601,-0.0038114403457945,0.4921146311874789,-0.0043340351429351,-6.078715433041372,1997,-0.0039597679704878,59195,-5.435722915146745,1999,0.005,0.213372312710061,0.3655310940079152,0.4202613209235726,0.0008352723584511,-0.0062344968415313,0.0010256273566686,-0.0054578913039006,0.0010040782779218
equity,uncapped,next_close,50,2015,6,5,-0.1320440186194393,-0.1648916116263713,-0.1270440186194393,0.2,-0.0400523782842649,-1.0290072076061485,2,-0.0175845387452812,6,-0.8440455785091057,2,0.005,0.4,0.2,0.4,0.0,-0.0960687494418821,0.0933606185960287,-0.02906167282707,0.0344314022453665
equity,uncapped,next_close,50,2016,4099,3513,0.0132329461411105,0.0120454383820048,0.0182329461411105,0.5621975519499004,-0.003043859495911,-2.4884552054830893,250,-0.0023578794559947,4099,-1.943650778205534,250,0.005,0.1446057500711642,0.3820096783376032,0.4733845715912325,0.0,-0.0063853968079524,0.0025660083387809,-0.0044840910087452,0.0023070456169524
equity,uncapped,next_close,50,2017,2696,2435,-0.0039304848860246,-0.0041267019423024,0.0010695151139753,0.4780287474332649,-0.0081219548430961,-3.388820270575753,248,-0.0094443931899267,2696,-4.794795363795869,251,0.005,0.1006160164271047,0.3572895277207392,0.5420944558521561,0.0,-0.0088634560658878,0.0026154990109233,-0.0106950540307074,0.0022305548452521
equity,uncapped,next_close,50,2018,4780,4140,0.0006336651003634,0.0015332818155589,0.0056336651003634,0.5082125603864734,-0.0022260007947815,-1.109320403928475,249,-0.0048316526433709,4780,-0.6725925269992926,250,0.005,0.1509661835748792,0.328743961352657,0.5202898550724637,0.0,-0.0045347286559836,0.0040878439086891,-0.0034804145145213,0.0051746256088346
equity,uncapped,next_close,50,2019,4259,3778,-0.0054546135566711,0.0006522201686203,-0.0004546135566711,0.5047644256220223,-0.0081667341922264,-3.3848185718957784,250,-0.0064436576271464,4259,-2.1298768327888764,250,0.005,0.1283748014822657,0.3867125463208046,0.4849126521969296,0.0,-0.0094417492649492,0.0027894402800032,-0.0055847921468481,0.0026221197680878
equity,uncapped,next_close,50,2020,14246,11421,-0.0314534036942175,-0.028214870268874,-0.0264534036942175,0.4376149198844234,-0.0024586788575885,-2.590209558399206,250,-0.0029676100893899,14246,-1.0165954607560697,250,0.005,0.39208475615095,0.3350844934769285,0.2728307503721215,0.0,-0.0075122605595141,0.0029002520414436,-0.0029822245710472,0.0029335411047667
equity,uncapped,next_close,50,2021,8350,7380,-0.0019187137738447,0.0050939449704821,0.0030812862261552,0.5281842818428184,-0.0075993245270301,-2.866173903630235,251,-0.0056297672024899,8350,-3.338910096574085,252,0.005,0.1475609756097561,0.4452574525745257,0.4071815718157182,0.0,-0.007019379871727,0.0024490418612898,-0.0065789538129707,0.001970389624962
equity,uncapped,next_close,50,2022,12953,10817,-0.0064383303712505,-0.0025898175445725,-0.0014383303712505,0.4902468336877137,-0.0040934542950311,-0.983229692933365,250,-0.0018949763020847,12953,-2.038496920462509,251,0.005,0.2149394471664971,0.3476934455024498,0.437367107331053,0.0,-0.0027368433769622,0.0027835239279615,-0.0040870823310251,0.0020049489847146
equity,uncapped,next_close,50,2023,7824,6794,-0.0026942944569756,-6.542783134732676e-05,0.0023057055430243,0.4997056226081837,-0.0027591908049355,-1.0008020091563512,247,-0.0044576391065739,7806,-2.7474827712729426,243,0.005,0.1430674124227259,0.3637032675890491,0.4870473947600824,0.0061819252281424,-0.0026313413110369,0.0026292326423836,-0.0055601161435771,0.0020237128333296
equity,uncapped,next_close,100,all,59213,50283,-0.0138114403457945,-0.0067673512597601,-0.0038114403457945,0.4694230654495555,-0.0093340351429351,-10.95378040424146,1997,-0.0089597679704878,59195,-10.41541434951256,1999,0.01,0.213372312710061,0.3655310940079152,0.4202613209235726,0.0008352723584511,-0.0112344968415313,0.0010256273566686,-0.0104578913039006,0.0010040782779218
equity,uncapped,next_close,100,2015,6,5,-0.1370440186194393,-0.1698916116263713,-0.1270440186194393,0.2,-0.0450523782842649,-1.0825629795707172,2,-0.0225845387452812,6,-0.989261854174232,2,0.01,0.4,0.2,0.4,0.0,-0.1010687494418821,0.0933606185960287,-0.03406167282707,0.0344314022453665
equity,uncapped,next_close,100,2016,4099,3513,0.0082329461411105,0.0070454383820048,0.0182329461411105,0.5354397950469684,-0.008043859495911,-4.4370069402663805,250,-0.0073578794559947,4099,-4.11092478581921,250,0.01,0.1446057500711642,0.3820096783376032,0.4733845715912325,0.0,-0.0113853968079524,0.0025660083387809,-0.0094840910087452,0.0023070456169524
equity,uncapped,next_close,100,2017,2696,2435,-0.0089304848860246,-0.0091267019423024,0.0010695151139753,0.4492813141683778,-0.0131219548430961,-5.300501360539112,248,-0.0144443931899267,2696,-7.0363901000305455,251,0.01,0.1006160164271047,0.3572895277207392,0.5420944558521561,0.0,-0.0138634560658878,0.0026154990109233,-0.0156950540307074,0.0022305548452521
equity,uncapped,next_close,100,2018,4780,4140,-0.0043663348996365,-0.0034667181844411,0.0056336651003634,0.4816425120772947,-0.0072260007947815,-2.3324590833119823,249,-0.0098316526433709,4780,-1.6388460065676458,250,0.01,0.1509661835748792,0.328743961352657,0.5202898550724637,0.0,-0.0095347286559836,0.0040878439086891,-0.0084804145145213,0.0051746256088346
equity,uncapped,next_close,100,2019,4259,3778,-0.0104546135566711,-0.0043477798313796,-0.0004546135566711,0.4735309687665431,-0.0131667341922264,-5.177292867131138,250,-0.0114436576271464,4259,-4.036730997442898,250,0.01,0.1283748014822657,0.3867125463208046,0.4849126521969296,0.0,-0.0144417492649492,0.0027894402800032,-0.010584792146848,0.0026221197680878
equity,uncapped,next_close,100,2020,14246,11421,-0.0364534036942175,-0.033214870268874,-0.0264534036942175,0.4237807547500219,-0.0074586788575885,-4.314197656175424,250,-0.0079676100893899,14246,-2.7210201889030188,250,0.01,0.39208475615095,0.3350844934769285,0.2728307503721215,0.0,-0.0125122605595141,0.0029002520414436,-0.0079822245710472,0.0029335411047667
equity,uncapped,next_close,100,2021,8350,7380,-0.0069187137738447,9.394497048210472e-05,0.0030812862261552,0.5005420054200542,-0.0125993245270301,-4.907788658784549,251,-0.0106297672024899,8350,-5.876479284239798,252,0.01,0.1475609756097561,0.4452574525745257,0.4071815718157182,0.0,-0.012019379871727,0.0024490418612898,-0.0115789538129707,0.001970389624962
equity,uncapped,next_close,100,2022,12953,10817,-0.0114383303712505,-0.0075898175445725,-0.0014383303712505,0.4703707127669409,-0.0090934542950311,-2.779513874209185,250,-0.0068949763020847,12953,-4.532325959564833,251,0.01,0.2149394471664971,0.3476934455024498,0.437367107331053,0.0,-0.0077368433769622,0.0027835239279615,-0.0090870823310251,0.0020049489847146
equity,uncapped,next_close,100,2023,7824,6794,-0.0076942944569756,-0.0050654278313473,0.0023057055430243,0.4743891669119812,-0.0077591908049355,-2.9024975530953925,247,-0.0094576391065739,7806,-5.218189048197313,243,0.01,0.1430674124227259,0.3637032675890491,0.4870473947600824,0.0061819252281424,-0.0076313413110369,0.0026292326423836,-0.0105601161435771,0.0020237128333296
equity,uncapped,next_close,spec,all,59213,50283,-0.0408465020671514,-0.0302764199986439,-0.0038114403457945,0.3650140206431597,-0.0363690968642921,-37.14323076548058,1997,-0.0367910725008566,59195,-38.44671706580875,1999,0.0378351882654869,0.213372312710061,0.3655310940079152,0.4202613209235726,0.0008352723584511,-0.0389217871662668,0.0010478837291245,-0.0386723984680743,0.001005869978492
equity,uncapped,next_close,spec,2015,6,5,-0.1785486195955136,-0.2241013032409295,-0.1270440186194393,0.0,-0.0865569792603392,-1.6265765200003723,2,-0.0613885682607262,6,-2.793416042683312,2,0.048804029515445,0.4,0.2,0.4,0.0,-0.1371466689175551,0.0843161494286932,-0.0697065227787333,0.0249538635540212
equity,uncapped,next_close,spec,2016,4099,3513,-0.014475463979869,-0.0127298306729641,0.0182329461411105,0.439510389980074,-0.0307522696168907,-13.06431653516746,250,-0.0304204838981586,4099,-14.232374917601971,250,0.0330626044421639,0.1446057500711642,0.3820096783376032,0.4733845715912325,0.0,-0.0352648347168125,0.0026993248840751,-0.0337465373222653,0.0023711107610388
equity,uncapped,next_close,spec,2017,2696,2435,-0.0298845744991008,-0.0259784425638056,0.0010695151139753,0.3457905544147844,-0.0340760444561722,-13.267594420663634,248,-0.0359624680026497,2696,-16.09808694378689,251,0.031518074812723,0.1006160164271047,0.3572895277207392,0.5420944558521561,0.0,-0.0359875039519729,0.002712436242091,-0.0386793483320709,0.0024027294961901
equity,uncapped,next_close,spec,2018,4780,4140,-0.0266050959014079,-0.0221685515683935,0.0056336651003634,0.3891304347826086,-0.0294647617965529,-8.197608139327789,249,-0.032588871148049,4780,-6.446405873075526,250,0.032757218504678,0.1509661835748792,0.328743961352657,0.5202898550724637,0.0,-0.0327951860929542,0.0040005798686107,-0.0322116269485219,0.0049968350710058
equity,uncapped,next_close,spec,2019,4259,3778,-0.0325583727297703,-0.0234804664885917,-0.0004546135566711,0.3761249338274219,-0.0352704933653256,-13.264376633536708,250,-0.0341693816241154,4259,-13.596851973526318,250,0.032725723996969,0.1283748014822657,0.3867125463208046,0.4849126521969296,0.0,-0.039295208907159,0.0029624617871455,-0.0360612158099117,0.0026521738914363
equity,uncapped,next_close,spec,2020,14246,11421,-0.0674869396277312,-0.0664939866867856,-0.0264534036942175,0.3297434550389633,-0.0384922147911023,-16.839224264502935,250,-0.0403681110005989,14246,-15.870652239167311,250,0.042400500911209,0.39208475615095,0.3350844934769285,0.2728307503721215,0.0,-0.0490863899709217,0.0029150030428893,-0.0447993108352549,0.0028227769193186
equity,uncapped,next_close,spec,2021,8350,7380,-0.0353198828375629,-0.0247277701924285,0.0030812862261552,0.3735772357723577,-0.0410004935907483,-16.35998149790018,251,-0.0393160396598614,8350,-20.15786464964671,252,0.0386862724573714,0.1475609756097561,0.4452574525745257,0.4071815718157182,0.0,-0.0415439401093679,0.0025393635142374,-0.0414994623078031,0.0020587231350683
equity,uncapped,next_close,spec,2022,12953,10817,-0.0402105915302146,-0.032199476665617,-0.0014383303712505,0.3612831653878154,-0.0378657154539952,-14.102624738870832,250,-0.036150668429904,12953,-19.7429269871886,251,0.0392556921278193,0.2149394471664971,0.3476934455024498,0.437367107331053,0.0,-0.0394452177258234,0.0027970125034314,-0.0414908892666883,0.0021015571446732
equity,uncapped,next_close,spec,2023,7824,6794,-0.0338288204093676,-0.027216997040049,0.0023057055430243,0.3687076832499264,-0.0338937167573275,-13.77398907745143,247,-0.0362408376855294,7806,-19.351494625193183,243,0.0368150024535302,0.1430674124227259,0.3637032675890491,0.4870473947600824,0.0061819252281424,-0.0370897632321225,0.0026927394107521,-0.0406643811698751,0.0021013560945796
crypto,top100,close,0,all,4351,3595,0.0011482585095640321,0.008406930408604296,0.0011482585095640321,0.5307371349095966,-0.0027664600812723214,-2.4056133224336733,369,-0.0043806151604179975,4336,-3.6683315507820535,394,0.0,0.11849791376912379,0.3535465924895688,0.5237830319888734,0.004172461752433936,-0.015883410390085638,0.006602644839868511,-0.02295619866320535,0.006257939977729468
crypto,top100,close,0,2018,204,156,-0.04031624998088723,-0.020475607662549244,-0.04031624998088723,0.46153846153846156,-0.00759294468982743,-2.0597047806415603,33,-0.00015636138315256473,203,-0.052867410434983886,42,0.0,0.24358974358974358,0.1858974358974359,0.5641025641025641,0.00641025641025641,-0.01664613918562485,0.008081808297031715,-0.0004383323879205835,0.008291164335723286
crypto,top100,close,0,2019,662,498,0.0022359579375500604,0.0018881981448589658,0.0022359579375500604,0.5080321285140562,-0.006286399918969614,-2.213236398246026,61,-0.007483372442376675,662,-4.1725381996648725,66,0.0,0.15461847389558234,0.285140562248996,0.5582329317269076,0.002008032128514056,-0.017471169571594107,0.007893946433123855,-0.024880485648294526,0.005962913808744247
crypto,top100,close,0,2020,1022,954,0.02799626381801497,0.036614746133386666,0.02799626381801497,0.649895178197065,0.007113953984629816,-1.044827529882014,99,-0.0023527372097664795,1022,-2.1801126535152378,99,0.0,0.10377358490566038,0.4989517819706499,0.3951781970649895,0.0020964360587002098,-0.008778476480909292,0.008401842629376918,-0.019115409929700674,0.008768083566176626
crypto,top100,close,0,2021,957,883,0.02430618790210873,0.029673379349605122,0.02430618790210873,0.580973952434881,-0.010538772945593602,-1.19650798886759,66,-0.00631436963385391,957,-0.39217950869000734,70,0.0,0.061155152887882216,0.43827859569648925,0.5005662514156285,0.0,-0.02998007101922856,0.025056306600679343,-0.008976744790065152,0.02288937741813709
crypto,top100,close,0,2022,1506,1104,-0.035205599922053576,-0.027819133746813163,-0.035205599922053576,0.4076086956521739,-0.0028181821116773026,-0.9330190238627062,110,-0.003727388907479607,1492,-3.10057356043983,117,0.0,0.1431159420289855,0.21467391304347827,0.6322463768115942,0.009963768115942028,-0.012710551255178486,0.013623035468833962,-0.041567714033144236,0.013406459554292167
crypto,top100,close,50,all,4351,3595,-0.003851741490435974,0.003406930408604296,0.0011482585095640321,0.513769123783032,-0.007766460081272324,-3.1628856157741665,369,-0.009380615160417998,4336,-4.467316523120206,394,0.005,0.11849791376912379,0.3535465924895688,0.5237830319888734,0.004172461752433936,-0.02088341039008564,0.006602644839868511,-0.02795619866320535,0.006257939977729468
crypto,top100,close,50,2018,204,156,-0.045316249980887235,-0.025475607662549242,-0.04031624998088723,0.44871794871794873,-0.012592944689827431,-2.6783782032512504,33,-0.005156361383152566,203,-0.6559190202622085,42,0.005,0.24358974358974358,0.1858974358974359,0.5641025641025641,0.00641025641025641,-0.02164613918562485,0.008081808297031715,-0.0054383323879205825,0.008291164335723286
crypto,top100,close,50,2019,662,498,-0.0027640420624499445,-0.0031118018551410343,0.0022359579375500604,0.4799196787148594,-0.011286399918969616,-2.8466331462932972,61,-0.012483372442376676,662,-5.011054428537375,66,0.005,0.15461847389558234,0.285140562248996,0.5582329317269076,0.002008032128514056,-0.02247116957159411,0.007893946433123855,-0.029880485648294527,0.005962913808744247
crypto,top100,close,50,2020,1022,954,0.022996263818014978,0.03161474613338667,0.02799626381801497,0.6352201257861635,0.002113953984629811,-1.639935081946555,99,-0.0073527372097664835,1022,-2.7503626930207674,99,0.005,0.10377358490566038,0.4989517819706499,0.3951781970649895,0.0020964360587002098,-0.013778476480909296,0.008401842629376918,-0.02411540992970068,0.008768083566176626
crypto,top100,close,50,2021,957,883,0.01930618790210873,0.02467337934960512,0.02430618790210873,0.5707814269535674,-0.015538772945593601,-1.396058548320931,66,-0.011314369633853913,957,-0.6106214483138481,70,0.005,0.061155152887882216,0.43827859569648925,0.5005662514156285,0.0,-0.034980071019228565,0.025056306600679343,-0.013976744790065157,0.022889377418137086
crypto,top100,close,50,2022,1506,1104,-0.04020559992205358,-0.03281913374681316,-0.035205599922053576,0.38768115942028986,-0.007818182111677306,-1.3000444207677302,110,-0.008727388907479608,1492,-3.4735281037143984,117,0.005,0.1431159420289855,0.21467391304347827,0.6322463768115942,0.009963768115942028,-0.01771055125517849,0.013623035468833962,-0.04656771403314425,0.013406459554292167
crypto,top100,close,100,all,4351,3595,-0.008851741490435975,-0.001593069591395704,0.0011482585095640321,0.4954102920723227,-0.012766460081272324,-3.9201579091146592,369,-0.014380615160417998,4336,-5.266301495458358,394,0.01,0.11849791376912379,0.3535465924895688,0.5237830319888734,0.004172461752433936,-0.025883410390085636,0.006602644839868511,-0.032956198663205344,0.006257939977729468
crypto,top100,close,100,2018,204,156,-0.05031624998088724,-0.030475607662549246,-0.04031624998088723,0.42948717948717946,-0.017592944689827437,-3.2970516258609406,33,-0.010156361383152566,203,-1.2589706300894332,42,0.01,0.24358974358974358,0.1858974358974359,0.5641025641025641,0.00641025641025641,-0.026646139185624855,0.008081808297031715,-0.010438332387920583,0.008291164335723286
crypto,top100,close,100,2019,662,498,-0.007764042062449947,-0.008111801855141034,0.0022359579375500604,0.4678714859437751,-0.016286399918969616,-3.480029894340568,61,-0.017483372442376674,662,-5.8495706574098785,66,0.01,0.15461847389558234,0.285140562248996,0.5582329317269076,0.002008032128514056,-0.027471169571594112,0.007893946433123855,-0.034880485648294525,0.005962913808744246
crypto,top100,close,100,2020,1022,954,0.01799626381801497,0.026614746133386664,0.02799626381801497,0.6153039832285115,-0.002886046015370189,-2.2350426340110956,99,-0.01235273720976648,1022,-3.3206127325262957,99,0.01,0.10377358490566038,0.4989517819706499,0.3951781970649895,0.0020964360587002098,-0.018778476480909297,0.008401842629376918,-0.02911540992970068,0.008768083566176628
crypto,top100,close,100,2021,957,883,0.014306187902108726,0.01967337934960512,0.02430618790210873,0.5549263873159683,-0.020538772945593604,-1.5956091077742718,66,-0.016314369633853913,957,-0.8290633879376887,70,0.01,0.061155152887882216,0.43827859569648925,0.5005662514156285,0.0,-0.03998007101922856,0.025056306600679343,-0.01897674479006516,0.022889377418137086
crypto,top100,close,100,2022,1506,1104,-0.04520559992205357,-0.037819133746813165,-0.035205599922053576,0.36594202898550726,-0.012818182111677305,-1.667069817672754,110,-0.013727388907479609,1492,-3.846482646988966,117,0.01,0.1431159420289855,0.21467391304347827,0.6322463768115942,0.009963768115942028,-0.022710551255178495,0.013623035468833962,-0.051567714033144245,0.013406459554292167
crypto,top100,close,tier,all,4351,3595,-0.003329349279031246,0.004221311475409832,0.0011482585095640321,0.5157162726008345,-0.0072440678698675945,-3.0808937475752836,369,-0.008846482319089584,4336,-4.3734820082531805,394,0.004464490921627213,0.11849791376912379,0.3535465924895688,0.5237830319888734,0.004172461752433936,-0.020334489710217153,0.00660019181973437,-0.027374549266836093,0.006259211588198531
crypto,top100,close,tier,2018,204,156,-0.04331624998088724,-0.023475607662549244,-0.04031624998088723,0.46153846153846156,-0.010592944689827431,-2.430908834207374,33,-0.0031563613831525664,203,-0.41469837633131884,42,0.003,0.24358974358974358,0.1858974358974359,0.5641025641025641,0.00641025641025641,-0.01964613918562485,0.008081808297031715,-0.0034383323879205847,0.008291164335723286
crypto,top100,close,tier,2019,662,498,-0.0019568131467872936,-0.0025519871550002647,0.0022359579375500604,0.4859437751004016,-0.010479171003306966,-2.7647714626607773,61,-0.011685789360805679,662,-4.907073793312349,66,0.0042024169184290035,0.15461847389558234,0.285140562248996,0.5582329317269076,0.002008032128514056,-0.02180333528514652,0.007886125699577098,-0.029176362219193522,0.005945776128118717
crypto,top100,close,tier,2020,1022,954,0.023428129646107215,0.0319291637633562,0.02799626381801497,0.6362683438155137,0.0025458198127220567,-1.5947888737158815,99,-0.006910467151058068,1022,-2.7058253750457184,99,0.004557729941291586,0.10377358490566038,0.4989517819706499,0.3951781970649895,0.0020964360587002098,-0.013389105736171723,0.008395534955655233,-0.02372056995576956,0.008766482188588675
crypto,top100,close,tier,2021,957,883,0.01967311881943603,0.02487169602435591,0.02430618790210873,0.5719139297848245,-0.015171842028266309,-1.381577655463725,66,-0.01094655354189989,957,-0.594065135764192,70,0.004632183908045978,0.061155152887882216,0.43827859569648925,0.5005662514156285,0.0,-0.03460467043908453,0.025047213453571318,-0.013594379568909994,0.022883651556865885
crypto,top100,close,tier,2022,1506,1104,-0.039817918762633284,-0.03235523287573982,-0.035205599922053576,0.38768115942028986,-0.007430500952257016,-1.2786136977592093,110,-0.008339989443672638,1492,-3.4516376407934937,117,0.004608233731739707,0.1431159420289855,0.21467391304347827,0.6322463768115942,0.009963768115942028,-0.017415190369909024,0.013620368998415566,-0.04628700469170171,0.013410157585678905
crypto,top100,close,spec,all,4351,3595,-0.059958839771688976,-0.047426081681639365,0.0011482585095640321,0.3243393602225313,-0.06387355836252533,-11.62608880082552,369,-0.06457762862267367,4336,-13.221320957704467,394,0.060159526336932716,0.11849791376912379,0.3535465924895688,0.5237830319888734,0.004172461752433936,-0.07817500907216812,0.0067241021818633655,-0.0841347950437744,0.006363569518728496
crypto,top100,close,spec,2018,204,156,-0.0903306500625679,-0.0733440938578668,-0.04031624998088723,0.30128205128205127,-0.057607344771508105,-6.99818164172705,33,-0.04935178128270727,203,-6.139676871888949,42,0.04914336217392124,0.24358974358974358,0.1858974358974359,0.5641025641025641,0.00641025641025641,-0.06725162192294487,0.009609870873021259,-0.051766472383024495,0.008431465281184722
crypto,top100,close,spec,2019,662,498,-0.052054381862320746,-0.055290727968328415,0.0022359579375500604,0.30522088353413657,-0.060576739718840415,-8.776792663588902,61,-0.061283711726498415,662,-12.261920311325852,66,0.05380033928412174,0.15461847389558234,0.285140562248996,0.5582329317269076,0.002008032128514056,-0.07351572141296381,0.00837614880865861,-0.08022230091112638,0.00654239294289233
crypto,top100,close,spec,2020,1022,954,-0.04246273372493984,-0.02425178722915114,0.02799626381801497,0.3731656184486373,-0.063345043558325,-8.483882625420817,99,-0.07251915293754711,1022,-9.50875398122829,99,0.07016641572778065,0.10377358490566038,0.4989517819706499,0.3951781970649895,0.0020964360587002098,-0.07539594339576466,0.008886962105045021,-0.08510823425024834,0.008950513854734783
crypto,top100,close,spec,2021,957,883,-0.04291882230314745,-0.0362816605941429,0.02430618790210873,0.3827859569648924,-0.0777637831508498,-3.874563420701861,66,-0.07274575626863887,957,-3.3835887249682925,70,0.06643138663478496,0.061155152887882216,0.43827859569648925,0.5005662514156285,0.0,-0.10112750299078818,0.02610036074011904,-0.07782680371488958,0.023001259916900475
crypto,top100,close,spec,2022,1506,1104,-0.08798061352785665,-0.07584575663407372,-0.035205599922053576,0.24728260869565216,-0.055593195717480386,-5.561383372619276,110,-0.05743170636281566,1492,-7.3606922276931295,117,0.05367072690514258,0.1431159420289855,0.21467391304347827,0.6322463768115942,0.009963768115942028,-0.07276547476735763,0.013084060186465237,-0.10091157347187081,0.013709522195780886
crypto,top100,next_open,0,all,4351,3532,0.014161675251640322,0.008560878040815623,0.014161675251640322,0.5257644394110985,-0.0016386935787505777,-2.237571375700339,368,-0.004154307657332364,4334,-3.7276704306840274,393,0.0,0.1339184597961495,0.35730464326160816,0.5042468856172141,0.004530011325028313,-0.016479662683947488,0.007364977431743159,-0.022771929997479293,0.006108890370252138
crypto,top100,next_open,0,2018,204,151,-0.031175614649653797,-0.00578163219924388,-0.031175614649653797,0.48344370860927155,-0.010012416645263384,-1.8113979873424972,34,0.0011600157777403315,202,0.38487164161962506,41,0.0,0.24503311258278146,0.1986754966887417,0.5562913907284768,0.0,-0.018007612191287523,0.009941278679295928,0.004396640694150272,0.011423654586885735
crypto,top100,next_open,0,2019,662,489,0.0008492479160348684,0.0012771392081736277,0.0008492479160348684,0.5030674846625767,-0.00599400588520623,-2.692209961490397,60,-0.007902068337678671,662,-4.031435168103112,66,0.0,0.16359918200409,0.2883435582822086,0.5439672801635992,0.00408997955010225,-0.021621956247131077,0.008031303856836354,-0.024960962735524866,0.0061915823260701485
crypto,top100,next_open,0,2020,1022,922,0.05584131710906746,0.03376326254851425,0.05584131710906746,0.6334056399132321,0.0046060688086240805,-1.3551584829051233,99,-0.002402711416490682,1022,-2.2128379415399144,99,0.0,0.09761388286334056,0.5216919739696312,0.37852494577006507,0.0021691973969631237,-0.013322840938945523,0.00983120506347321,-0.01897047867621039,0.008572918206115368
crypto,top100,next_open,0,2021,957,880,0.06272219041318677,0.059548948724906015,0.06272219041318677,0.65,-0.005529246362946726,-0.5336658573329893,66,-0.006473397940287915,957,-0.7591128095916027,70,0.0,0.06363636363636363,0.44772727272727275,0.48863636363636365,0.0,-0.01617733726957388,0.030313607376759297,-0.016176072562773522,0.02130918140016124
crypto,top100,next_open,0,2022,1506,1090,-0.04804582510845345,-0.044271549847392566,-0.04804582510845345,0.3504587155963303,-0.0006660372211052374,-1.2134390346910995,109,-0.0029224080737288525,1491,-2.8733217260519357,117,0.0,0.1926605504587156,0.1981651376146789,0.5981651376146789,0.011009174311926606,-0.01622269876709681,0.013369191449512385,-0.03822055340671716,0.013301870465871498
crypto,top100,next_open,50,all,4351,3532,0.009161675251640319,0.0035608780408156225,0.014161675251640322,0.5070781426953568,-0.006638693578750579,-2.9164600819236504,368,-0.009154307657332364,4334,-4.54614967928014,393,0.005,0.1339184597961495,0.35730464326160816,0.5042468856172141,0.004530011325028313,-0.02147966268394749,0.007364977431743159,-0.027771929997479294,0.006108890370252138
crypto,top100,next_open,50,2018,204,151,-0.036175614649653805,-0.010781632199243881,-0.031175614649653797,0.45695364238410596,-0.015012416645263394,-2.3143513961844793,34,-0.003839984222259671,202,-0.052816662238928544,41,0.005,0.24503311258278146,0.1986754966887417,0.5562913907284768,0.0,-0.023007612191287528,0.009941278679295928,-0.0006033593058497307,0.011423654586885735
crypto,top100,next_open,50,2019,662,489,-0.004150752083965135,-0.0037228607918263724,0.0008492479160348684,0.48261758691206547,-0.010994005885206232,-3.314773880018263,60,-0.012902068337678672,662,-4.838983180336932,66,0.005,0.16359918200409,0.2883435582822086,0.5439672801635992,0.00408997955010225,-0.026621956247131078,0.008031303856836354,-0.029960962735524864,0.0061915823260701485
crypto,top100,next_open,50,2020,1022,922,0.05084131710906745,0.02876326254851425,0.05584131710906746,0.6095444685466378,-0.00039393119137592756,-1.8637431343001971,99,-0.0074027114164906815,1022,-2.796069914572543,99,0.005,0.09761388286334056,0.5216919739696312,0.37852494577006507,0.0021691973969631237,-0.01832284093894553,0.00983120506347321,-0.023970478676210397,0.008572918206115368
crypto,top100,next_open,50,2021,957,880,0.05772219041318678,0.05454894872490602,0.06272219041318677,0.6397727272727273,-0.010529246362946726,-0.6986082852616888,66,-0.011473397940287913,957,-0.9937534513931772,70,0.005,0.06363636363636363,0.44772727272727275,0.48863636363636365,0.0,-0.02117733726957389,0.03031360737675929,-0.02117607256277353,0.02130918140016124
crypto,top100,next_open,50,2022,1506,1090,-0.05304582510845346,-0.049271549847392564,-0.04804582510845345,0.3311926605504587,-0.00566603722110524,-1.5874332301427898,109,-0.007922408073728853,1491,-3.2492087122339504,117,0.005,0.1926605504587156,0.1981651376146789,0.5981651376146789,0.011009174311926606,-0.02122269876709681,0.013369191449512385,-0.04322055340671715,0.013301870465871498
crypto,top100,next_open,100,all,4351,3532,0.004161675251640323,-0.0014391219591843776,0.014161675251640322,0.49546998867497166,-0.011638693578750584,-3.595348788146962,368,-0.014154307657332364,4334,-5.364628927876253,393,0.01,0.1339184597961495,0.35730464326160816,0.5042468856172141,0.004530011325028313,-0.02647966268394749,0.007364977431743159,-0.03277192999747929,0.006108890370252138
crypto,top100,next_open,100,2018,204,151,-0.041175614649653795,-0.015781632199243882,-0.031175614649653797,0.4503311258278146,-0.020012416645263393,-2.8173048050264606,34,-0.008839984222259668,202,-0.490504966097482,41,0.01,0.24503311258278146,0.1986754966887417,0.5562913907284768,0.0,-0.02800761219128753,0.00994127867929593,-0.005603359305849732,0.011423654586885735
crypto,top100,next_open,100,2019,662,489,-0.00915075208396514,-0.008722860791826373,0.0008492479160348684,0.46421267893660534,-0.015994005885206233,-3.937337798546128,60,-0.01790206833767867,662,-5.646531192570752,66,0.01,0.16359918200409,0.2883435582822086,0.5439672801635992,0.00408997955010225,-0.03162195624713108,0.008031303856836354,-0.03496096273552486,0.006191582326070148
crypto,top100,next_open,100,2020,1022,922,0.04584131710906745,0.023763262548514248,0.05584131710906746,0.5986984815618221,-0.005393931191375926,-2.3723277856952696,99,-0.01240271141649068,1022,-3.3793018876051697,99,0.01,0.09761388286334056,0.5216919739696312,0.37852494577006507,0.0021691973969631237,-0.023322840938945526,0.009831205063473212,-0.02897047867621039,0.008572918206115368
crypto,top100,next_open,100,2021,957,880,0.05272219041318678,0.04954894872490601,0.06272219041318677,0.6295454545454545,-0.015529246362946728,-0.8635507131903873,66,-0.016473397940287914,957,-1.2283940931947508,70,0.01,0.06363636363636363,0.44772727272727275,0.48863636363636365,0.0,-0.02617733726957388,0.030313607376759297,-0.026176072562773524,0.021309181400161244
crypto,top100,next_open,100,2022,1506,1090,-0.05804582510845346,-0.05427154984739257,-0.04804582510845345,0.3201834862385321,-0.010666037221105238,-1.9614274255944806,109,-0.012922408073728853,1491,-3.6250956984159663,117,0.01,0.1926605504587156,0.1981651376146789,0.5981651376146789,0.011009174311926606,-0.02622269876709682,0.013369191449512385,-0.04822055340671715,0.013301870465871498
crypto,top100,next_open,tier,all,4351,3532,0.009679229045524805,0.004015761570375201,0.014161675251640322,0.5093431483578709,-0.006121139784866097,-2.8427403468805523,368,-0.008620851266007952,4334,-4.450527965199361,393,0.004464490921627213,0.1339184597961495,0.35730464326160816,0.5042468856172141,0.004530011325028313,-0.020932816165633167,0.007363604695238363,-0.02719643416498696,0.006110833226450404
crypto,top100,next_open,tier,2018,204,151,-0.03417561464965381,-0.00878163219924388,-0.031175614649653797,0.46357615894039733,-0.013012416645263392,-2.1131700326476865,34,-0.0018399842222596708,202,0.12225865930449292,41,0.003,0.24503311258278146,0.1986754966887417,0.5562913907284768,0.0,-0.021007612191287526,0.009941278679295928,0.0013966406941502709,0.011423654586885735
crypto,top100,next_open,tier,2019,662,489,-0.0033450261125949933,-0.0037228607918263724,0.0008492479160348684,0.48466257668711654,-0.010188279913836088,-3.2315511754288804,60,-0.012104485256107675,662,-4.737256791542306,66,0.0042024169184290035,0.16359918200409,0.2883435582822086,0.5439672801635992,0.00408997955010225,-0.025926649923054726,0.008022973648131638,-0.029256839306423865,0.0061759031848680375
crypto,top100,next_open,tier,2020,1022,922,0.05125997220668134,0.029648279331944475,0.05584131710906746,0.613882863340564,2.4723906237955907e-05,-1.8250548367529267,99,-0.006960441357782267,1022,-2.7507549487289467,99,0.004557729941291586,0.09761388286334056,0.5216919739696312,0.37852494577006507,0.0021691973969631237,-0.017936472690764836,0.009827908909672422,-0.02357563870227928,0.008570606666789049
crypto,top100,next_open,tier,2021,957,880,0.05808809950409589,0.05454894872490602,0.06272219041318677,0.6397727272727273,-0.010163337272037637,-0.6864477156621598,66,-0.01110558184833389,957,-0.9760518365135095,70,0.004632183908045978,0.06363636363636363,0.44772727272727275,0.48863636363636365,0.0,-0.020804713430491117,0.03030779031790137,-0.02079370734161836,0.02130389653882953
crypto,top100,next_open,tier,2022,1506,1090,-0.05265683428276537,-0.04918878118544417,-0.04804582510845345,0.3330275229357798,-0.005277046395417166,-1.5676929765218235,109,-0.007536090166284186,1491,-3.2274434871464255,117,0.004608233731739707,0.1926605504587156,0.1981651376146789,0.5981651376146789,0.011009174311926606,-0.02095960235108087,0.013369711203008058,-0.04294839107382162,0.013307248057128598
crypto,top100,next_open,spec,all,4351,3532,-0.04705178535347932,-0.048292364977484833,0.014161675251640322,0.35900339750849375,-0.06285215418387022,-10.499277709670551,368,-0.06434742498198204,4334,-13.502319226876013,393,0.060159526336932716,0.1339184597961495,0.35730464326160816,0.5042468856172141,0.004530011325028313,-0.0788195745960112,0.007507142564998828,-0.08389772650164848,0.006213578948322615
crypto,top100,next_open,spec,2018,204,151,-0.08139870280578347,-0.05473474834844995,-0.031175614649653797,0.33112582781456956,-0.06023550480139306,-6.158426095315632,34,-0.04792141400022815,202,-4.082978164931603,41,0.04914336217392124,0.24503311258278146,0.1986754966887417,0.5562913907284768,0.0,-0.06916618986547338,0.011231147178673493,-0.04642190699693247,0.011369619214632788
crypto,top100,next_open,spec,2019,662,489,-0.05377126128173289,-0.05295052875167475,0.0008492479160348684,0.30265848670756645,-0.06061451508297398,-8.797755598788594,60,-0.06170240762180042,662,-11.905751552729729,66,0.05380033928412174,0.16359918200409,0.2883435582822086,0.5439672801635992,0.00408997955010225,-0.07723003768008914,0.008778379532471136,-0.08030277799835672,0.006744872647703206
crypto,top100,next_open,spec,2020,1022,922,-0.01466929123826984,-0.021466122193839254,0.05584131710906746,0.42190889370932755,-0.06590453953871322,-7.803416680714393,99,-0.07256912714427131,1022,-9.668472195191471,99,0.07016641572778065,0.09761388286334056,0.5216919739696312,0.37852494577006507,0.0021691973969631237,-0.08018364703428237,0.010275453729447862,-0.08496330299675808,0.008787665856764198
crypto,top100,next_open,spec,2021,957,880,-0.004523815915838011,-0.0057980135110526285,0.06272219041318677,0.48522727272727273,-0.0727752526919715,-2.802180303601757,66,-0.07290478457507286,957,-3.9581154911747896,70,0.06643138663478496,0.06363636363636363,0.44772727272727275,0.48863636363636365,0.0,-0.08732469568137824,0.031163125216866393,-0.08502613148759797,0.0214814680564972
crypto,top100,next_open,spec,2022,1506,1090,-0.10100505545910643,-0.09660594660242591,-0.04804582510845345,0.23302752293577983,-0.05362526757175822,-5.858687697969558,109,-0.056619110408076566,1491,-7.207813056040923,117,0.05367072690514258,0.1926605504587156,0.1981651376146789,0.5981651376146789,0.011009174311926606,-0.07631687856638307,0.013026275251509338,-0.0974814425604374,0.013524413272447107
crypto,top100,next_close,0,all,4351,3527,-0.00018290680171121726,0.008237488343176835,-0.00018290680171121726,0.5253756733768075,-0.002739850010118713,-4.105492002831848,368,-0.0052061959582439185,4337,-4.398807162412312,394,0.0,0.1236178055004253,0.35724411681315565,0.5143181173802098,0.004819960306209243,-0.020332300007063264,0.0049524636737907765,-0.022981959093087097,0.0052245889043437315
crypto,top100,next_close,0,2018,204,151,-0.05429319655505972,-0.035057538294067325,-0.05429319655505972,0.3443708609271523,-0.0016071414154880093,-0.40773137411192134,32,0.004124454340122631,204,0.4757427218727713,42,0.0,0.2119205298013245,0.18543046357615894,0.5960264900662252,0.006622516556291391,-0.0041470182715572165,0.010170956994883767,0.00858511017075601,0.018045699442254298
crypto,top100,next_close,0,2019,662,486,0.0019917279425047505,0.001167018043562118,0.0019917279425047505,0.5041152263374485,-0.007294659959735692,-2.643327443695703,62,-0.008138229876598587,662,-3.7235675519437197,66,0.0,0.12551440329218108,0.29218106995884774,0.5781893004115226,0.00411522633744856,-0.018381936472202688,0.0069540898219187085,-0.023634587461748985,0.0063472965461339945
crypto,top100,next_close,0,2020,1022,921,0.011314397893575186,0.015264890751272242,0.011314397893575186,0.5808903365906624,0.0038941399227890422,-0.7817324407894997,99,-0.003308502759210791,1022,-0.6130572737164826,99,0.0,0.09120521172638436,0.5211726384364821,0.38545059717698155,0.002171552660152009,-0.006891169818596346,0.008815253735199612,-0.005608299257201124,0.009148083707093841
crypto,top100,next_close,0,2021,957,882,0.02735597491244528,0.045723750060786106,0.02735597491244528,0.63718820861678,-0.007380459207238331,-2.299561331849857,66,-0.007341606631114961,957,-2.4196579905070412,70,0.0,0.06689342403628118,0.445578231292517,0.4875283446712018,0.0,-0.03112270413782218,0.013534191807263457,-0.02842150002337161,0.011746081526759846
crypto,top100,next_close,0,2022,1506,1087,-0.025725252734717787,-0.022672455378678236,-0.025725252734717787,0.42226310947562096,-0.0027161966325878212,-2.882793051335615,109,-0.005111223198451862,1492,-3.854607941109666,117,0.0,0.18399264029438822,0.19963201471941122,0.6053357865685373,0.011039558417663294,-0.03186768322473011,0.011054447078664084,-0.04539194110490351,0.011776020233029474
crypto,top100,next_close,50,all,4351,3527,-0.0051829068017112175,0.003237488343176835,-0.00018290680171121726,0.5117663736886873,-0.007739850010118714,-5.115090523758068,368,-0.010206195958243921,4337,-5.355820257900646,394,0.005,0.1236178055004253,0.35724411681315565,0.5143181173802098,0.004819960306209243,-0.025332300007063265,0.004952463673790776,-0.027981959093087098,0.0052245889043437315
crypto,top100,next_close,50,2018,204,151,-0.059293196555059734,-0.04005753829406732,-0.05429319655505972,0.33774834437086093,-0.006607141415488013,-0.8993271996094748,32,-0.0008755456598773695,204,0.19866839643585182,42,0.005,0.2119205298013245,0.18543046357615894,0.5960264900662252,0.006622516556291391,-0.00914701827155722,0.01017095699488377,0.003585110170756007,0.018045699442254298
crypto,top100,next_close,50,2019,662,486,-0.0030082720574952536,-0.003832981956437882,0.0019917279425047505,0.4794238683127572,-0.012294659959735695,-3.362328798012472,62,-0.013138229876598588,662,-4.511304498478129,66,0.005,0.12551440329218108,0.29218106995884774,0.5781893004115226,0.00411522633744856,-0.023381936472202696,0.0069540898219187085,-0.028634587461748982,0.0063472965461339945
crypto,top100,next_close,50,2020,1022,921,0.006314397893575186,0.010264890751272241,0.011314397893575186,0.5700325732899023,-0.001105860077210963,-1.3489310887461468,99,-0.008308502759210792,1022,-1.159619828246102,99,0.005,0.09120521172638436,0.5211726384364821,0.38545059717698155,0.002171552660152009,-0.011891169818596349,0.008815253735199612,-0.010608299257201125,0.009148083707093841
crypto,top100,next_close,50,2021,957,882,0.022355974912445276,0.04072375006078611,0.02735597491244528,0.626984126984127,-0.012380459207238332,-2.668996025195686,66,-0.01234160663111496,957,-2.8453318621389583,70,0.005,0.06689342403628118,0.445578231292517,0.4875283446712018,0.0,-0.03612270413782218,0.013534191807263457,-0.03342150002337161,0.011746081526759846
crypto,top100,next_close,50,2022,1506,1087,-0.030725252734717788,-0.027672455378678237,-0.025725252734717787,0.40754369825206993,-0.007716196632587822,-3.3350997080521125,109,-0.010111223198451867,1492,-4.279199602898424,117,0.005,0.18399264029438822,0.19963201471941122,0.6053357865685373,0.011039558417663294,-0.036867683224730115,0.011054447078664084,-0.05039194110490353,0.011776020233029476
crypto,top100,next_close,100,all,4351,3527,-0.01018290680171122,-0.001762511656823165,-0.00018290680171121726,0.49362064077119366,-0.012739850010118715,-6.124689044684288,368,-0.01520619595824392,4337,-6.312833353388981,394,0.01,0.1236178055004253,0.35724411681315565,0.5143181173802098,0.004819960306209243,-0.030332300007063266,0.004952463673790776,-0.0329819590930871,0.0052245889043437315
crypto,top100,next_close,100,2018,204,151,-0.06429319655505973,-0.04505753829406733,-0.05429319655505972,0.32450331125827814,-0.011607141415488012,-1.3909230251070281,32,-0.005875545659877373,204,-0.07840592900106756,42,0.01,0.2119205298013245,0.18543046357615894,0.5960264900662252,0.006622516556291391,-0.014147018271557218,0.010170956994883767,-0.001414889829243995,0.018045699442254298
crypto,top100,next_close,100,2019,662,486,-0.008008272057495254,-0.008832981956437882,0.0019917279425047505,0.4588477366255144,-0.017294659959735698,-4.0813301523292385,62,-0.018138229876598584,662,-5.299041445012539,66,0.01,0.12551440329218108,0.29218106995884774,0.5781893004115226,0.00411522633744856,-0.02838193647220269,0.0069540898219187085,-0.03363458746174898,0.0063472965461339945
crypto,top100,next_close,100,2020,1022,921,0.001314397893575186,0.005264890751272242,0.011314397893575186,0.5352877307274702,-0.006105860077210961,-1.9161297367027939,99,-0.013308502759210791,1022,-1.7061823827757212,99,0.01,0.09120521172638436,0.5211726384364821,0.38545059717698155,0.002171552660152009,-0.01689116981859635,0.008815253735199612,-0.015608299257201122,0.009148083707093841
crypto,top100,next_close,100,2021,957,882,0.017355974912445272,0.035723750060786104,0.02735597491244528,0.6156462585034014,-0.017380459207238335,-3.0384307185415143,66,-0.01734160663111496,957,-3.271005733770874,70,0.01,0.06689342403628118,0.445578231292517,0.4875283446712018,0.0,-0.04112270413782218,0.013534191807263457,-0.0384215000233716,0.011746081526759846
crypto,top100,next_close,100,2022,1506,1087,-0.03572525273471779,-0.03267245537867824,-0.025725252734717787,0.3983440662373505,-0.012716196632587825,-3.7874063647686094,109,-0.015111223198451863,1492,-4.70379126468718,117,0.01,0.18399264029438822,0.19963201471941122,0.6053357865685373,0.011039558417663294,-0.04186768322473011,0.011054447078664084,-0.05539194110490353,0.011776020233029476
crypto,top100,next_close,tier,all,4351,3527,-0.004662918142794293,0.003654602675059131,-0.00018290680171121726,0.5137510632265382,-0.007219861351201788,-5.006151845393018,368,-0.009671725125871312,4337,-5.242264368099778,394,0.004464490921627213,0.1236178055004253,0.35724411681315565,0.5143181173802098,0.004819960306209243,-0.02479620319570692,0.004953146440918682,-0.02740030969671784,0.00522680806856178
crypto,top100,next_close,tier,2018,204,151,-0.05729319655505972,-0.03805753829406733,-0.05429319655505972,0.33774834437086093,-0.0046071414154880115,-0.7026888694104533,32,0.0011244543401226301,204,0.30949812661061954,42,0.003,0.2119205298013245,0.18543046357615894,0.5960264900662252,0.006622516556291391,-0.0071470182715572175,0.01017095699488377,0.005585110170756007,0.018045699442254298
crypto,top100,next_close,tier,2019,662,486,-0.0022016876953553353,-0.002513510007834948,0.0019917279425047505,0.4876543209876543,-0.011488075597595777,-3.270669663379827,62,-0.012340646795027593,662,-4.406241332887987,66,0.0042024169184290035,0.12551440329218108,0.29218106995884774,0.5781893004115226,0.00411522633744856,-0.022714879339273047,0.0069450240094868125,-0.027930464032647977,0.006338841185156213
crypto,top100,next_close,tier,2020,1022,921,0.0067313360043243725,0.010501608657502163,0.011314397893575186,0.5700325732899023,-0.0006889219664617789,-1.3067926472738756,99,-0.007866232700502379,1022,-1.1163855252692039,99,0.004557729941291586,0.09120521172638436,0.5211726384364821,0.38545059717698155,0.002171552660152009,-0.011505490800775937,0.008804373689106497,-0.01021345928327001,0.009148684797581148
crypto,top100,next_close,tier,2021,957,882,0.02272332185122079,0.04114473155710264,0.02735597491244528,0.6292517006802721,-0.012013112268462824,-2.6408257178647982,66,-0.011973790539160936,957,-2.8157820535879616,70,0.004632183908045978,0.06689342403628118,0.445578231292517,0.4875283446712018,0.0,-0.03574826883859462,0.013536776999997701,-0.03303913480221644,0.011733555429162882
crypto,top100,next_close,tier,2022,1506,1087,-0.030327828631681916,-0.026414634146341372,-0.025725252734717787,0.40846366145354185,-0.007318772529551945,-3.3100724236264645,109,-0.009723823734644895,1492,-4.25488145328244,117,0.004608233731739707,0.18399264029438822,0.19963201471941122,0.6053357865685373,0.011039558417663294,-0.03660134256579196,0.011057565479395792,-0.05011123176346098,0.011777350864805535
crypto,top100,next_close,spec,all,4351,3527,-0.061436901721155825,-0.04681715244886302,-0.00018290680171121726,0.3337113694357811,-0.06399384492956332,-15.870865359028942,368,-0.06539822409202554,4337,-15.631904245948022,394,0.060159526336932716,0.1236178055004253,0.35724411681315565,0.5143181173802098,0.004819960306209243,-0.08288068966601289,0.0052221909638255504,-0.08416202304659254,0.005383990441753656
crypto,top100,next_close,spec,2018,204,151,-0.10442355864113553,-0.08611712788881129,-0.05429319655505972,0.2119205298013245,-0.05173750350156383,-4.995774627449058,32,-0.04501890783379861,204,-2.410627004367503,42,0.04914336217392124,0.2119205298013245,0.18543046357615894,0.5960264900662252,0.006622516556291391,-0.05504521776044593,0.011018354882944973,-0.04275679705617977,0.017736795024163532
crypto,top100,next_close,spec,2019,662,486,-0.052567793673442,-0.05335962846542587,0.0019917279425047505,0.31069958847736623,-0.06185418157568244,-10.02408351891965,62,-0.06193856916072033,662,-11.393257032159456,66,0.05380033928412174,0.12551440329218108,0.29218106995884774,0.5781893004115226,0.00411522633744856,-0.07459397725011514,0.007441476032130521,-0.07897640272458084,0.006931854736679438
crypto,top100,next_close,spec,2020,1022,921,-0.05932591793958049,-0.04486714919811123,0.011314397893575186,0.2931596091205212,-0.06674617591036665,-8.159779884040603,99,-0.07347491848699145,1022,-7.864565058739496,99,0.07016641572778065,0.09120521172638436,0.5211726384364821,0.38545059717698155,0.002171552660152009,-0.07388531330930409,0.009054816963116065,-0.0716011235777488,0.00910426998098033
crypto,top100,next_close,spec,2021,957,882,-0.03985537939154602,-0.014415129992219035,0.02735597491244528,0.4410430839002268,-0.07459181351122963,-6.835083725447899,66,-0.07377299326589991,957,-7.82041505983448,70,0.06643138663478496,0.06689342403628118,0.445578231292517,0.4875283446712018,0.0,-0.10226527446201972,0.014961817377784693,-0.09727155894819604,0.012438158103369875
crypto,top100,next_close,spec,2022,1506,1087,-0.07873084843120064,-0.06716470153304624,-0.025725252734717787,0.30818767249310025,-0.05572179232907068,-8.097503798708557,109,-0.058815540653787905,1492,-8.54655680738832,117,0.05367072690514258,0.18399264029438822,0.19963201471941122,0.6053357865685373,0.011039558417663294,-0.09219877162510948,0.011386073278510095,-0.10473580054363008,0.012254736369749296
